,time_stats.all_reduce.min,time_stats.all_reduce.max,time_stats.all_reduce.mean,time_stats.all_reduce.median,time_stats.all_reduce.std,rank,num_workers,size,collective,devices_per_node,max_devices_per_node
0,0.033,0.035,0.034,0.034,0.0008164965809277268,0,2,2048,all_reduce,1,1
1,0.037,0.039,0.038,0.038,0.0008164965809277268,0,2,10240,all_reduce,1,1
2,0.039,0.044,0.041666666666666664,0.042,0.0020548046676563247,0,2,18432,all_reduce,1,1
3,0.044,0.046,0.04533333333333334,0.046,0.0009428090415820641,0,2,26624,all_reduce,1,1
4,0.047,0.048,0.04766666666666667,0.048,0.00047140452079103207,0,2,34816,all_reduce,1,1
5,0.051000000000000004,0.053,0.05200000000000001,0.052000000000000005,0.0008164965809277239,0,2,43008,all_reduce,1,1
6,0.055,0.056,0.05533333333333334,0.055,0.00047140452079103207,0,2,51200,all_reduce,1,1
7,0.058,0.06,0.058666666666666666,0.058,0.000942809041582061,0,2,59392,all_reduce,1,1
8,0.06,0.062,0.061,0.061,0.0008164965809277268,0,2,67584,all_reduce,1,1
9,0.062,0.066,0.06466666666666666,0.066,0.0018856180831641283,0,2,75776,all_reduce,1,1
10,0.067,0.069,0.06833333333333334,0.069,0.0009428090415820641,0,2,83968,all_reduce,1,1
11,0.07100000000000001,0.07200000000000001,0.07166666666666667,0.07200000000000001,0.00047140452079103207,0,2,92160,all_reduce,1,1
12,0.074,0.076,0.07533333333333332,0.076,0.0009428090415820641,0,2,100352,all_reduce,1,1
13,0.079,0.081,0.08,0.08,0.0008164965809277268,0,2,108544,all_reduce,1,1
14,0.083,0.083,0.083,0.083,0.0,0,2,116736,all_reduce,1,1
15,0.08700000000000001,0.09,0.08866666666666667,0.089,0.0012472191289246422,0,2,124928,all_reduce,1,1
16,0.093,0.095,0.09433333333333334,0.095,0.0009428090415820641,0,2,133120,all_reduce,1,1
17,0.107,0.109,0.108,0.108,0.0008164965809277268,0,2,141312,all_reduce,1,1
18,0.11,0.112,0.11066666666666668,0.11,0.0009428090415820641,0,2,149504,all_reduce,1,1
19,0.114,0.11800000000000001,0.116,0.116,0.0016329931618554536,0,2,157696,all_reduce,1,1
20,0.117,0.12,0.11833333333333333,0.11800000000000001,0.0012472191289246422,0,2,165888,all_reduce,1,1
21,0.12,0.124,0.122,0.122,0.0016329931618554536,0,2,174080,all_reduce,1,1
22,0.124,0.126,0.125,0.125,0.0008164965809277268,0,2,182272,all_reduce,1,1
23,0.127,0.13,0.12833333333333333,0.128,0.0012472191289246482,0,2,190464,all_reduce,1,1
24,0.129,0.131,0.13,0.13,0.0008164965809277268,0,2,198656,all_reduce,1,1
25,0.134,0.137,0.13533333333333333,0.135,0.0012472191289246482,0,2,206848,all_reduce,1,1
26,0.137,0.139,0.13833333333333334,0.139,0.0009428090415820641,0,2,215040,all_reduce,1,1
27,0.14300000000000002,0.145,0.14400000000000002,0.14400000000000002,0.0008164965809277153,0,2,223232,all_reduce,1,1
28,0.14400000000000002,0.145,0.1446666666666667,0.145,0.000471404520791019,0,2,231424,all_reduce,1,1
29,0.148,0.151,0.14933333333333332,0.149,0.0012472191289246482,0,2,239616,all_reduce,1,1
30,0.154,0.155,0.15433333333333332,0.154,0.00047140452079103207,0,2,247808,all_reduce,1,1
31,0.158,0.16,0.15933333333333333,0.16,0.0009428090415820641,0,2,256000,all_reduce,1,1
32,0.167,0.17,0.16833333333333333,0.168,0.0012472191289246482,0,2,264192,all_reduce,1,1
33,0.17400000000000002,0.179,0.17733333333333334,0.179,0.0023570226039551475,0,2,272384,all_reduce,1,1
34,0.182,0.187,0.18466666666666667,0.185,0.0020548046676563273,0,2,280576,all_reduce,1,1
35,0.184,0.185,0.18433333333333332,0.184,0.00047140452079103207,0,2,288768,all_reduce,1,1
36,0.186,0.192,0.18899999999999997,0.189,0.00244948974278318,0,2,296960,all_reduce,1,1
37,0.189,0.193,0.19099999999999998,0.191,0.0016329931618554536,0,2,305152,all_reduce,1,1
38,0.194,0.196,0.19499999999999998,0.195,0.0008164965809277268,0,2,313344,all_reduce,1,1
39,0.196,0.2,0.19866666666666669,0.2,0.0018856180831641283,0,2,321536,all_reduce,1,1
40,0.199,0.20400000000000001,0.20200000000000004,0.203,0.0021602468994692888,0,2,329728,all_reduce,1,1
41,0.20700000000000002,0.212,0.2086666666666667,0.20700000000000002,0.0023570226039551475,0,2,337920,all_reduce,1,1
42,0.211,0.213,0.21233333333333335,0.213,0.0009428090415820641,0,2,346112,all_reduce,1,1
43,0.213,0.217,0.21433333333333335,0.213,0.0018856180831641283,0,2,354304,all_reduce,1,1
44,0.217,0.222,0.22,0.221,0.0021602468994692888,0,2,362496,all_reduce,1,1
45,0.219,0.223,0.221,0.221,0.0016329931618554536,0,2,370688,all_reduce,1,1
46,0.222,0.231,0.226,0.225,0.003741657386773945,0,2,378880,all_reduce,1,1
47,0.226,0.231,0.229,0.23,0.0021602468994692888,0,2,387072,all_reduce,1,1
48,0.232,0.242,0.2383333333333333,0.241,0.004496912521077338,0,2,395264,all_reduce,1,1
49,0.247,0.25,0.24833333333333332,0.248,0.0012472191289246482,0,2,403456,all_reduce,1,1
50,0.248,0.255,0.25066666666666665,0.249,0.0030912061651652374,0,2,411648,all_reduce,1,1
51,0.254,0.256,0.25533333333333336,0.256,0.0009428090415820641,0,2,419840,all_reduce,1,1
52,0.254,0.26,0.257,0.257,0.00244948974278318,0,2,428032,all_reduce,1,1
53,0.26,0.261,0.26033333333333336,0.26,0.00047140452079103207,0,2,436224,all_reduce,1,1
54,0.258,0.267,0.263,0.264,0.0037416573867739447,0,2,444416,all_reduce,1,1
55,0.271,0.272,0.27133333333333337,0.271,0.00047140452079103207,0,2,452608,all_reduce,1,1
56,0.272,0.275,0.2733333333333334,0.273,0.0012472191289246482,0,2,460800,all_reduce,1,1
57,0.278,0.281,0.28,0.281,0.0014142135623730963,0,2,468992,all_reduce,1,1
58,0.278,0.28600000000000003,0.28200000000000003,0.28200000000000003,0.0032659863237109073,0,2,477184,all_reduce,1,1
59,0.145,0.148,0.14633333333333332,0.146,0.0012472191289246482,0,2,485376,all_reduce,1,1
60,0.148,0.15,0.14933333333333332,0.15,0.0009428090415820641,0,2,493568,all_reduce,1,1
61,0.153,0.154,0.15366666666666665,0.154,0.00047140452079103207,0,2,501760,all_reduce,1,1
62,0.152,0.155,0.15366666666666665,0.154,0.0012472191289246482,0,2,509952,all_reduce,1,1
63,0.154,0.155,0.15433333333333332,0.154,0.00047140452079103207,0,2,518144,all_reduce,1,1
64,0.155,0.159,0.157,0.157,0.0016329931618554536,0,2,526336,all_reduce,1,1
65,0.162,0.164,0.16333333333333333,0.164,0.0009428090415820641,0,2,534528,all_reduce,1,1
66,0.162,0.164,0.16333333333333333,0.164,0.0009428090415820641,0,2,542720,all_reduce,1,1
67,0.17200000000000001,0.17200000000000001,0.17200000000000001,0.17200000000000001,0.0,0,2,550912,all_reduce,1,1
68,0.17,0.17300000000000001,0.171,0.17,0.0014142135623730965,0,2,559104,all_reduce,1,1
69,0.17300000000000001,0.17500000000000002,0.17433333333333334,0.17500000000000002,0.0009428090415820641,0,2,567296,all_reduce,1,1
70,0.17400000000000002,0.177,0.17533333333333334,0.17500000000000002,0.0012472191289246359,0,2,575488,all_reduce,1,1
71,0.17500000000000002,0.176,0.17566666666666667,0.176,0.000471404520791019,0,2,583680,all_reduce,1,1
72,0.17400000000000002,0.178,0.17666666666666667,0.178,0.0018856180831641153,0,2,591872,all_reduce,1,1
73,0.176,0.178,0.17699999999999996,0.177,0.0008164965809277268,0,2,600064,all_reduce,1,1
74,0.179,0.181,0.17966666666666664,0.179,0.0009428090415820641,0,2,608256,all_reduce,1,1
75,0.178,0.181,0.17966666666666664,0.18,0.0012472191289246482,0,2,616448,all_reduce,1,1
76,0.18,0.181,0.18066666666666667,0.181,0.00047140452079103207,0,2,624640,all_reduce,1,1
77,0.182,0.183,0.18233333333333332,0.182,0.00047140452079103207,0,2,632832,all_reduce,1,1
78,0.181,0.185,0.18233333333333332,0.181,0.0018856180831641283,0,2,641024,all_reduce,1,1
79,0.181,0.185,0.18366666666666664,0.185,0.0018856180831641283,0,2,649216,all_reduce,1,1
80,0.182,0.186,0.18433333333333332,0.185,0.0016996731711975963,0,2,657408,all_reduce,1,1
81,0.184,0.188,0.18600000000000003,0.186,0.0016329931618554536,0,2,665600,all_reduce,1,1
82,0.185,0.189,0.18633333333333332,0.185,0.0018856180831641283,0,2,673792,all_reduce,1,1
83,0.189,0.192,0.19033333333333333,0.19,0.0012472191289246482,0,2,681984,all_reduce,1,1
84,0.189,0.192,0.19000000000000003,0.189,0.0014142135623730963,0,2,690176,all_reduce,1,1
85,0.189,0.193,0.19066666666666668,0.19,0.0016996731711975965,0,2,698368,all_reduce,1,1
86,0.19,0.195,0.19299999999999998,0.194,0.0021602468994692888,0,2,706560,all_reduce,1,1
87,0.191,0.199,0.19433333333333333,0.193,0.003399346342395193,0,2,714752,all_reduce,1,1
88,0.193,0.199,0.19600000000000004,0.196,0.00244948974278318,0,2,722944,all_reduce,1,1
89,0.192,0.199,0.19600000000000004,0.197,0.0029439202887759515,0,2,731136,all_reduce,1,1
90,0.193,0.2,0.19733333333333336,0.199,0.0030912061651652374,0,2,739328,all_reduce,1,1
91,0.202,0.203,0.2026666666666667,0.203,0.00047140452079103207,0,2,747520,all_reduce,1,1
92,0.199,0.203,0.20099999999999998,0.201,0.0016329931618554536,0,2,755712,all_reduce,1,1
93,0.199,0.213,0.2066666666666667,0.20800000000000002,0.005792715732327584,0,2,763904,all_reduce,1,1
94,0.20600000000000002,0.209,0.207,0.20600000000000002,0.0014142135623730833,0,2,772096,all_reduce,1,1
95,0.201,0.211,0.20533333333333337,0.20400000000000001,0.00418993502999217,0,2,780288,all_reduce,1,1
96,0.20500000000000002,0.21,0.207,0.20600000000000002,0.0021602468994692758,0,2,788480,all_reduce,1,1
97,0.20400000000000001,0.21,0.20766666666666667,0.209,0.00262466929133726,0,2,796672,all_reduce,1,1
98,0.209,0.216,0.21266666666666667,0.213,0.002867441755680878,0,2,804864,all_reduce,1,1
99,0.215,0.216,0.21533333333333335,0.215,0.00047140452079103207,0,2,813056,all_reduce,1,1
100,0.213,0.219,0.216,0.216,0.00244948974278318,0,2,821248,all_reduce,1,1
101,0.216,0.218,0.217,0.217,0.0008164965809277268,0,2,829440,all_reduce,1,1
102,0.217,0.222,0.22033333333333335,0.222,0.0023570226039551605,0,2,837632,all_reduce,1,1
103,0.22,0.221,0.22033333333333335,0.22,0.00047140452079103207,0,2,845824,all_reduce,1,1
104,0.223,0.224,0.22333333333333336,0.223,0.00047140452079103207,0,2,854016,all_reduce,1,1
105,0.219,0.229,0.22366666666666668,0.223,0.0041096093353126546,0,2,862208,all_reduce,1,1
106,0.225,0.229,0.22733333333333336,0.228,0.0016996731711975965,0,2,870400,all_reduce,1,1
107,0.225,0.233,0.229,0.229,0.0032659863237109073,0,2,878592,all_reduce,1,1
108,0.226,0.233,0.22833333333333336,0.226,0.003299831645537225,0,2,886784,all_reduce,1,1
109,0.224,0.233,0.22866666666666668,0.229,0.0036817870057290905,0,2,894976,all_reduce,1,1
110,0.231,0.23500000000000001,0.233,0.233,0.0016329931618554536,0,2,903168,all_reduce,1,1
111,0.231,0.234,0.232,0.231,0.0014142135623730965,0,2,911360,all_reduce,1,1
112,0.229,0.23900000000000002,0.233,0.231,0.0043204937989385775,0,2,919552,all_reduce,1,1
113,0.232,0.24,0.2353333333333333,0.234,0.0033993463423951805,0,2,927744,all_reduce,1,1
114,0.23500000000000001,0.23600000000000002,0.2356666666666667,0.23600000000000002,0.00047140452079103207,0,2,935936,all_reduce,1,1
115,0.24,0.244,0.24133333333333332,0.24,0.0018856180831641283,0,2,944128,all_reduce,1,1
116,0.23900000000000002,0.243,0.24066666666666667,0.24,0.0016996731711975874,0,2,952320,all_reduce,1,1
117,0.241,0.247,0.24433333333333332,0.245,0.0024944382578492965,0,2,960512,all_reduce,1,1
118,0.242,0.243,0.24266666666666667,0.243,0.00047140452079103207,0,2,968704,all_reduce,1,1
119,0.245,0.248,0.246,0.245,0.0014142135623730965,0,2,976896,all_reduce,1,1
120,0.245,0.249,0.24633333333333332,0.245,0.0018856180831641283,0,2,985088,all_reduce,1,1
121,0.251,0.254,0.252,0.251,0.0014142135623730965,0,2,993280,all_reduce,1,1
122,0.246,0.249,0.24766666666666667,0.248,0.0012472191289246482,0,2,1001472,all_reduce,1,1
123,0.249,0.252,0.251,0.252,0.0014142135623730963,0,2,1009664,all_reduce,1,1
124,0.247,0.254,0.25,0.249,0.0029439202887759515,0,2,1017856,all_reduce,1,1
125,0.259,0.262,0.26,0.259,0.0014142135623730965,0,2,1026048,all_reduce,1,1
126,0.248,0.255,0.252,0.253,0.0029439202887759515,0,2,1034240,all_reduce,1,1
127,0.255,0.256,0.25566666666666665,0.256,0.00047140452079103207,0,2,1042432,all_reduce,1,1
128,0.253,0.256,0.25433333333333336,0.254,0.0012472191289246482,0,2,1048576,all_reduce,1,1
129,0.27,0.275,0.27166666666666667,0.27,0.0023570226039551605,0,2,1081344,all_reduce,1,1
130,0.27,0.281,0.274,0.271,0.004966554808583784,0,2,1114112,all_reduce,1,1
131,0.277,0.28500000000000003,0.2806666666666667,0.28,0.003299831645537225,0,2,1146880,all_reduce,1,1
132,0.28600000000000003,0.291,0.28800000000000003,0.28700000000000003,0.002160246899469263,0,2,1179648,all_reduce,1,1
133,0.28700000000000003,0.294,0.28933333333333333,0.28700000000000003,0.003299831645537199,0,2,1212416,all_reduce,1,1
134,0.291,0.297,0.29466666666666663,0.296,0.002624669291337273,0,2,1245184,all_reduce,1,1
135,0.296,0.299,0.2976666666666667,0.298,0.0012472191289246482,0,2,1277952,all_reduce,1,1
136,0.305,0.308,0.30666666666666664,0.307,0.0012472191289246482,0,2,1310720,all_reduce,1,1
137,0.309,0.313,0.31033333333333335,0.309,0.0018856180831641283,0,2,1343488,all_reduce,1,1
138,0.314,0.325,0.318,0.315,0.004966554808583784,0,2,1376256,all_reduce,1,1
139,0.322,0.325,0.3236666666666667,0.324,0.0012472191289246482,0,2,1409024,all_reduce,1,1
140,0.328,0.335,0.33266666666666667,0.335,0.003299831645537225,0,2,1441792,all_reduce,1,1
141,0.335,0.339,0.33666666666666667,0.336,0.0016996731711975965,0,2,1474560,all_reduce,1,1
142,0.337,0.34700000000000003,0.3433333333333333,0.34600000000000003,0.004496912521077351,0,2,1507328,all_reduce,1,1
143,0.341,0.35000000000000003,0.3463333333333334,0.34800000000000003,0.0038586123009300786,0,2,1540096,all_reduce,1,1
144,0.352,0.359,0.3546666666666667,0.353,0.0030912061651652374,0,2,1572864,all_reduce,1,1
145,0.368,0.375,0.37200000000000005,0.373,0.0029439202887759515,0,2,1605632,all_reduce,1,1
146,0.372,0.378,0.3753333333333333,0.376,0.0024944382578492965,0,2,1638400,all_reduce,1,1
147,0.38,0.384,0.38133333333333336,0.38,0.0018856180831641283,0,2,1671168,all_reduce,1,1
148,0.387,0.388,0.38766666666666666,0.388,0.00047140452079103207,0,2,1703936,all_reduce,1,1
149,0.384,0.39,0.38599999999999995,0.384,0.0028284271247461927,0,2,1736704,all_reduce,1,1
150,0.389,0.396,0.393,0.394,0.0029439202887759515,0,2,1769472,all_reduce,1,1
151,0.392,0.401,0.39733333333333337,0.399,0.0038586123009300786,0,2,1802240,all_reduce,1,1
152,0.4,0.41000000000000003,0.4046666666666667,0.404,0.0041096093353126546,0,2,1835008,all_reduce,1,1
153,0.403,0.41200000000000003,0.4086666666666667,0.41100000000000003,0.004027681991198194,0,2,1867776,all_reduce,1,1
154,0.41600000000000004,0.422,0.4183333333333334,0.417,0.002624669291337256,0,2,1900544,all_reduce,1,1
155,0.42,0.425,0.4223333333333333,0.422,0.0020548046676563273,0,2,1933312,all_reduce,1,1
156,0.426,0.434,0.42933333333333334,0.428,0.003399346342395193,0,2,1966080,all_reduce,1,1
157,0.429,0.442,0.4363333333333333,0.438,0.005436502143433369,0,2,1998848,all_reduce,1,1
158,0.438,0.444,0.44,0.438,0.002828427124746193,0,2,2031616,all_reduce,1,1
159,0.442,0.452,0.4466666666666667,0.446,0.0041096093353126546,0,2,2064384,all_reduce,1,1
160,0.452,0.461,0.458,0.461,0.004242640687119289,0,2,2097152,all_reduce,1,1
161,0.466,0.47700000000000004,0.47300000000000003,0.47600000000000003,0.004966554808583784,0,2,2129920,all_reduce,1,1
162,0.47200000000000003,0.47800000000000004,0.47600000000000003,0.47800000000000004,0.002828427124746193,0,2,2162688,all_reduce,1,1
163,0.47900000000000004,0.484,0.48133333333333334,0.481,0.0020548046676563065,0,2,2195456,all_reduce,1,1
164,0.486,0.489,0.488,0.489,0.0014142135623730965,0,2,2228224,all_reduce,1,1
165,0.488,0.492,0.48966666666666664,0.489,0.0016996731711975965,0,2,2260992,all_reduce,1,1
166,0.493,0.502,0.49700000000000005,0.496,0.003741657386773945,0,2,2293760,all_reduce,1,1
167,0.492,0.507,0.5013333333333333,0.505,0.006649979114420007,0,2,2326528,all_reduce,1,1
168,0.505,0.51,0.5083333333333334,0.51,0.0023570226039551605,0,2,2359296,all_reduce,1,1
169,0.51,0.519,0.5139999999999999,0.513,0.0037416573867739447,0,2,2392064,all_reduce,1,1
170,0.515,0.525,0.5203333333333333,0.521,0.0041096093353126546,0,2,2424832,all_reduce,1,1
171,0.515,0.53,0.5219999999999999,0.521,0.006164414002968982,0,2,2457600,all_reduce,1,1
172,0.529,0.536,0.5323333333333333,0.532,0.002867441755680878,0,2,2490368,all_reduce,1,1
173,0.534,0.542,0.537,0.535,0.0035590260840104404,0,2,2523136,all_reduce,1,1
174,0.543,0.552,0.5463333333333334,0.544,0.004027681991198194,0,2,2555904,all_reduce,1,1
175,0.539,0.556,0.5463333333333334,0.544,0.007133644853010906,0,2,2588672,all_reduce,1,1
176,0.547,0.562,0.556,0.559,0.006480740698407866,0,2,2621440,all_reduce,1,1
177,0.561,0.5760000000000001,0.5673333333333334,0.5650000000000001,0.006342099196813488,0,2,2654208,all_reduce,1,1
178,0.5730000000000001,0.582,0.5786666666666666,0.581,0.004027681991198143,0,2,2686976,all_reduce,1,1
179,0.578,0.585,0.5803333333333333,0.578,0.003299831645537225,0,2,2719744,all_reduce,1,1
180,0.583,0.591,0.588,0.59,0.0035590260840104404,0,2,2752512,all_reduce,1,1
181,0.584,0.597,0.5896666666666667,0.588,0.005436502143433369,0,2,2785280,all_reduce,1,1
182,0.593,0.599,0.5956666666666667,0.595,0.0024944382578492965,0,2,2818048,all_reduce,1,1
183,0.598,0.605,0.6006666666666667,0.599,0.0030912061651652374,0,2,2850816,all_reduce,1,1
184,0.5690000000000001,0.605,0.592,0.602,0.016309506430300054,0,2,2883584,all_reduce,1,1
185,0.5660000000000001,0.617,0.5986666666666667,0.613,0.023156472577277844,0,2,2916352,all_reduce,1,1
186,0.581,0.621,0.6063333333333333,0.617,0.017987650084309404,0,2,2949120,all_reduce,1,1
187,0.5760000000000001,0.63,0.607,0.615,0.022759613353482054,0,2,2981888,all_reduce,1,1
188,0.621,0.631,0.6253333333333334,0.624,0.004189935029992182,0,2,3014656,all_reduce,1,1
189,0.624,0.643,0.6333333333333333,0.633,0.007760297817881884,0,2,3047424,all_reduce,1,1
190,0.643,0.647,0.6446666666666667,0.644,0.0016996731711975965,0,2,3080192,all_reduce,1,1
191,0.593,0.655,0.626,0.63,0.025468935326524108,0,2,3112960,all_reduce,1,1
192,0.605,0.654,0.6336666666666667,0.642,0.020853989759489423,0,2,3145728,all_reduce,1,1
193,0.615,0.676,0.6513333333333333,0.663,0.026233989826601356,0,2,3178496,all_reduce,1,1
194,0.63,0.676,0.66,0.674,0.021228911104120896,0,2,3211264,all_reduce,1,1
195,0.618,0.683,0.6566666666666667,0.669,0.02793245822018219,0,2,3244032,all_reduce,1,1
196,0.634,0.684,0.6663333333333333,0.681,0.02289589968143255,0,2,3276800,all_reduce,1,1
197,0.629,0.6940000000000001,0.6670000000000001,0.678,0.027652606869274874,0,2,3309568,all_reduce,1,1
198,0.645,0.706,0.6813333333333333,0.6930000000000001,0.02623398982660132,0,2,3342336,all_reduce,1,1
199,0.638,0.704,0.6779999999999999,0.6920000000000001,0.02870540018881464,0,2,3375104,all_reduce,1,1
200,0.658,0.71,0.6873333333333332,0.6940000000000001,0.021746008573733433,0,2,3407872,all_reduce,1,1
201,0.657,0.719,0.6923333333333334,0.7010000000000001,0.026042699979499467,0,2,3440640,all_reduce,1,1
202,0.668,0.723,0.7003333333333334,0.71,0.02347102232304523,0,2,3473408,all_reduce,1,1
203,0.665,0.726,0.7026666666666667,0.717,0.026886593106767682,0,2,3506176,all_reduce,1,1
204,0.679,0.736,0.7136666666666667,0.726,0.024850665092821037,0,2,3538944,all_reduce,1,1
205,0.672,0.746,0.7170000000000001,0.733,0.032259365565160535,0,2,3571712,all_reduce,1,1
206,0.685,0.741,0.7216666666666667,0.739,0.02594010194445826,0,2,3604480,all_reduce,1,1
207,0.6890000000000001,0.752,0.7253333333333334,0.735,0.026612444874949404,0,2,3637248,all_reduce,1,1
208,0.7020000000000001,0.76,0.7363333333333334,0.747,0.024850665092821037,0,2,3670016,all_reduce,1,1
209,0.706,0.778,0.7496666666666667,0.765,0.03132978703335784,0,2,3702784,all_reduce,1,1
210,0.718,0.774,0.7536666666666667,0.769,0.02530261295246448,0,2,3735552,all_reduce,1,1
211,0.713,0.784,0.759,0.78,0.03256787783486466,0,2,3768320,all_reduce,1,1
212,0.723,0.79,0.7636666666666666,0.778,0.0291699998095456,0,2,3801088,all_reduce,1,1
213,0.722,0.775,0.754,0.765,0.022992752481307402,0,2,3833856,all_reduce,1,1
214,0.735,0.804,0.7763333333333334,0.79,0.029780679792256095,0,2,3866624,all_reduce,1,1
215,0.728,0.79,0.7549999999999999,0.747,0.025935818218569235,0,2,3899392,all_reduce,1,1
216,0.738,0.812,0.7646666666666667,0.744,0.03355923452974195,0,2,3932160,all_reduce,1,1
217,0.739,0.808,0.7833333333333333,0.803,0.031414787742222464,0,2,3964928,all_reduce,1,1
218,0.763,0.8230000000000001,0.7963333333333334,0.803,0.024944382578492966,0,2,3997696,all_reduce,1,1
219,0.748,0.8200000000000001,0.7760000000000001,0.76,0.03149603149604727,0,2,4030464,all_reduce,1,1
220,0.744,0.845,0.7869999999999999,0.772,0.042575423270552054,0,2,4063232,all_reduce,1,1
221,0.761,0.833,0.7893333333333333,0.774,0.031329787033357794,0,2,4096000,all_reduce,1,1
222,0.765,0.85,0.7966666666666667,0.775,0.03793268892247012,0,2,4128768,all_reduce,1,1
223,0.764,0.8310000000000001,0.7923333333333332,0.782,0.02831175649011479,0,2,4161536,all_reduce,1,1
224,0.772,0.866,0.8093333333333333,0.79,0.040737642979872486,0,2,4194304,all_reduce,1,1
225,0.794,0.856,0.8166666666666668,0.8,0.027920522121829206,0,2,4227072,all_reduce,1,1
226,0.792,0.875,0.8253333333333334,0.809,0.03579882058889027,0,2,4259840,all_reduce,1,1
227,0.793,0.86,0.82,0.807,0.028855964143772173,0,2,4292608,all_reduce,1,1
228,0.805,0.877,0.8330000000000001,0.8170000000000001,0.03149603149604722,0,2,4325376,all_reduce,1,1
229,0.807,0.888,0.839,0.8220000000000001,0.03518522417151834,0,2,4358144,all_reduce,1,1
230,0.8190000000000001,0.897,0.8490000000000001,0.8310000000000001,0.03429285639896447,0,2,4390912,all_reduce,1,1
231,0.8180000000000001,0.878,0.84,0.8240000000000001,0.026981475126464056,0,2,4423680,all_reduce,1,1
232,0.8270000000000001,0.91,0.8570000000000001,0.834,0.037585458180879834,0,2,4456448,all_reduce,1,1
233,0.8320000000000001,0.901,0.8586666666666667,0.843,0.030269162892657304,0,2,4489216,all_reduce,1,1
234,0.8270000000000001,0.922,0.8666666666666667,0.851,0.040334710720282704,0,2,4521984,all_reduce,1,1
235,0.8310000000000001,0.905,0.8656666666666667,0.861,0.030390056853443932,0,2,4554752,all_reduce,1,1
236,0.841,0.9420000000000001,0.878,0.851,0.04543860326491859,0,2,4587520,all_reduce,1,1
237,0.841,0.924,0.8763333333333333,0.864,0.034988887124660376,0,2,4620288,all_reduce,1,1
238,0.844,0.9490000000000001,0.8893333333333334,0.875,0.044047953666682696,0,2,4653056,all_reduce,1,1
239,0.861,0.935,0.8913333333333334,0.878,0.03164736253711448,0,2,4685824,all_reduce,1,1
240,0.859,0.9520000000000001,0.8953333333333333,0.875,0.04059830319388023,0,2,4718592,all_reduce,1,1
241,0.873,0.9410000000000001,0.9043333333333333,0.899,0.028015868519267614,0,2,4751360,all_reduce,1,1
242,0.89,0.971,0.919,0.896,0.03685105154537654,0,2,4784128,all_reduce,1,1
243,0.89,0.961,0.919,0.906,0.03040833219146794,0,2,4816896,all_reduce,1,1
244,0.883,0.988,0.9263333333333333,0.908,0.044783429475148,0,2,4849664,all_reduce,1,1
245,0.891,0.97,0.9249999999999999,0.914,0.03317629675938328,0,2,4882432,all_reduce,1,1
246,0.932,0.999,0.9593333333333334,0.9470000000000001,0.028709270666845938,0,2,4915200,all_reduce,1,1
247,0.8170000000000001,0.872,0.8393333333333334,0.8290000000000001,0.023612614331233087,0,2,4947968,all_reduce,1,1
248,0.8230000000000001,0.924,0.8683333333333333,0.858,0.04187547678003864,0,2,4980736,all_reduce,1,1
249,0.8170000000000001,0.909,0.8543333333333334,0.837,0.03950808637341081,0,2,5013504,all_reduce,1,1
250,0.838,0.927,0.8716666666666667,0.85,0.039432079439067014,0,2,5046272,all_reduce,1,1
251,0.8280000000000001,0.929,0.8703333333333333,0.854,0.042820036846732815,0,2,5079040,all_reduce,1,1
252,0.848,0.929,0.8763333333333333,0.852,0.03727674282385141,0,2,5111808,all_reduce,1,1
253,0.843,0.9400000000000001,0.8843333333333333,0.87,0.04087650778734519,0,2,5144576,all_reduce,1,1
254,0.844,0.963,0.89,0.863,0.052198339692624954,0,2,5177344,all_reduce,1,1
255,0.848,0.9530000000000001,0.8906666666666667,0.871,0.04506538459714831,0,2,5210112,all_reduce,1,1
256,0.861,0.962,0.8986666666666666,0.873,0.04505058884804454,0,2,5242880,all_reduce,1,1
257,0.874,0.973,0.9083333333333333,0.878,0.04575538826800134,0,2,5275648,all_reduce,1,1
258,0.88,1.002,0.9223333333333333,0.885,0.05636981067517927,0,2,5308416,all_reduce,1,1
259,0.881,0.99,0.9203333333333333,0.89,0.04939860546839578,0,2,5341184,all_reduce,1,1
260,0.898,1.0090000000000001,0.9376666666666668,0.906,0.05054590872552291,0,2,5373952,all_reduce,1,1
261,0.925,1.0010000000000001,0.9526666666666669,0.932,0.03429609631171198,0,2,5406720,all_reduce,1,1
262,0.926,1.0210000000000001,0.9583333333333335,0.928,0.04431954672852855,0,2,5439488,all_reduce,1,1
263,0.918,1.0,0.9546666666666668,0.9460000000000001,0.03403266404826723,0,2,5472256,all_reduce,1,1
264,0.937,1.06,0.9790000000000001,0.9400000000000001,0.05728874234961002,0,2,5505024,all_reduce,1,1
265,0.965,1.074,1.005,0.976,0.04899659852139403,0,2,5537792,all_reduce,1,1
266,0.9590000000000001,1.066,1.0016666666666667,0.98,0.04629134788369085,0,2,5570560,all_reduce,1,1
267,0.97,1.061,1.008,0.993,0.038635044540762026,0,2,5603328,all_reduce,1,1
268,0.986,1.112,1.0330000000000001,1.0010000000000001,0.056196085272908494,0,2,5636096,all_reduce,1,1
269,1.004,1.066,1.0296666666666667,1.0190000000000001,0.026411277052720415,0,2,5668864,all_reduce,1,1
270,1.0210000000000001,1.11,1.0573333333333335,1.041,0.038125523675820595,0,2,5701632,all_reduce,1,1
271,1.012,1.086,1.0463333333333333,1.041,0.03044484995674787,0,2,5734400,all_reduce,1,1
272,1.037,1.1320000000000001,1.074,1.053,0.04152910625894415,0,2,5767168,all_reduce,1,1
273,1.054,1.127,1.0816666666666668,1.064,0.03231442746239241,0,2,5799936,all_reduce,1,1
274,1.051,1.1520000000000001,1.095,1.082,0.0422453153221357,0,2,5832704,all_reduce,1,1
275,1.05,1.1400000000000001,1.0896666666666668,1.079,0.03750851755120285,0,2,5865472,all_reduce,1,1
276,1.06,1.186,1.1093333333333335,1.082,0.054950482759986284,0,2,5898240,all_reduce,1,1
277,1.073,1.169,1.1123333333333334,1.095,0.04106363625182535,0,2,5931008,all_reduce,1,1
278,1.066,1.163,1.1076666666666668,1.094,0.040762182909598384,0,2,5963776,all_reduce,1,1
279,1.073,1.133,1.1033333333333333,1.104,0.0244994331000173,0,2,5996544,all_reduce,1,1
280,1.078,1.163,1.1203333333333334,1.12,0.03470190516703976,0,2,6029312,all_reduce,1,1
281,1.065,1.182,1.117,1.104,0.04864154602806122,0,2,6062080,all_reduce,1,1
282,1.085,1.188,1.1273333333333333,1.109,0.044002525180064624,0,2,6094848,all_reduce,1,1
283,1.081,1.169,1.122,1.116,0.03617549815367673,0,2,6127616,all_reduce,1,1
284,1.114,1.211,1.1540000000000001,1.137,0.041384377084434494,0,2,6160384,all_reduce,1,1
285,1.102,1.172,1.1343333333333334,1.129,0.02882514334550455,0,2,6193152,all_reduce,1,1
286,1.103,1.205,1.1486666666666665,1.1380000000000001,0.04231889517566463,0,2,6225920,all_reduce,1,1
287,1.123,1.187,1.1503333333333334,1.141,0.02694851057521034,0,2,6258688,all_reduce,1,1
288,1.121,1.206,1.156,1.141,0.036285901761795386,0,2,6291456,all_reduce,1,1
289,1.124,1.219,1.1623333333333334,1.1440000000000001,0.04089281382128431,0,2,6324224,all_reduce,1,1
290,1.135,1.258,1.1853333333333333,1.163,0.05263923336152312,0,2,6356992,all_reduce,1,1
291,1.139,1.229,1.1786666666666668,1.168,0.03750851755120285,0,2,6389760,all_reduce,1,1
292,1.1420000000000001,1.27,1.1966666666666665,1.178,0.0538970211504206,0,2,6422528,all_reduce,1,1
293,1.1360000000000001,1.212,1.179,1.189,0.031822423959633604,0,2,6455296,all_reduce,1,1
294,1.1460000000000001,1.25,1.1856666666666666,1.161,0.04590085934804364,0,2,6488064,all_reduce,1,1
295,1.153,1.249,1.1893333333333334,1.166,0.04252319628417209,0,2,6520832,all_reduce,1,1
296,1.179,1.278,1.2146666666666668,1.187,0.04490236321422539,0,2,6553600,all_reduce,1,1
297,1.181,1.24,1.207,1.2,0.024589970855343972,0,2,6586368,all_reduce,1,1
298,1.168,1.29,1.2183333333333335,1.197,0.052040582454678824,0,2,6619136,all_reduce,1,1
299,1.184,1.2590000000000001,1.2153333333333334,1.203,0.03183638728806332,0,2,6651904,all_reduce,1,1
300,1.174,1.268,1.2143333333333335,1.201,0.039516522564056134,0,2,6684672,all_reduce,1,1
301,1.184,1.2610000000000001,1.209666666666667,1.184,0.036298148100909526,0,2,6717440,all_reduce,1,1
302,1.203,1.2670000000000001,1.2243333333333333,1.203,0.030169889330626053,0,2,6750208,all_reduce,1,1
303,1.204,1.2730000000000001,1.2316666666666667,1.218,0.029780679792256147,0,2,6782976,all_reduce,1,1
304,1.216,1.312,1.25,1.222,0.043908996800200335,0,2,6815744,all_reduce,1,1
305,1.229,1.315,1.2590000000000001,1.233,0.03963163719387153,0,2,6848512,all_reduce,1,1
306,1.227,1.305,1.2556666666666667,1.235,0.035036488915922356,0,2,6881280,all_reduce,1,1
307,1.228,1.328,1.2656666666666665,1.241,0.044394694377694395,0,2,6914048,all_reduce,1,1
308,1.221,1.319,1.2673333333333334,1.262,0.040185680147148,0,2,6946816,all_reduce,1,1
309,1.23,1.341,1.2746666666666668,1.2530000000000001,0.04783536581047771,0,2,6979584,all_reduce,1,1
310,1.248,1.335,1.282,1.2630000000000001,0.03797367509209502,0,2,7012352,all_reduce,1,1
311,1.248,1.328,1.2843333333333335,1.2770000000000001,0.03306895153396244,0,2,7045120,all_reduce,1,1
312,1.2590000000000001,1.317,1.284,1.276,0.024344746182013554,0,2,7077888,all_reduce,1,1
313,1.2590000000000001,1.341,1.2963333333333333,1.289,0.03387558937576662,0,2,7110656,all_reduce,1,1
314,1.264,1.35,1.2946666666666666,1.27,0.03920317447463778,0,2,7143424,all_reduce,1,1
315,1.282,1.379,1.3213333333333332,1.303,0.04166799997866735,0,2,7176192,all_reduce,1,1
316,1.2790000000000001,1.343,1.3066666666666666,1.298,0.026836956277160397,0,2,7208960,all_reduce,1,1
317,1.2730000000000001,1.346,1.3053333333333332,1.297,0.03037908637350519,0,2,7241728,all_reduce,1,1
318,1.268,1.427,1.3316666666666668,1.3,0.06866504852462343,0,2,7274496,all_reduce,1,1
319,1.272,1.3920000000000001,1.3236666666666668,1.307,0.050387388192769965,0,2,7307264,all_reduce,1,1
320,1.287,1.411,1.3416666666666668,1.327,0.05167419300020298,0,2,7340032,all_reduce,1,1
321,1.303,1.405,1.3443333333333332,1.325,0.04382794643704964,0,2,7372800,all_reduce,1,1
322,1.315,1.416,1.3613333333333333,1.353,0.04165199741775763,0,2,7405568,all_reduce,1,1
323,1.317,1.3960000000000001,1.3543333333333336,1.35,0.03239684483951424,0,2,7438336,all_reduce,1,1
324,1.307,1.426,1.3579999999999999,1.341,0.050046644909191126,0,2,7471104,all_reduce,1,1
325,1.332,1.423,1.3656666666666668,1.342,0.040745824598628765,0,2,7503872,all_reduce,1,1
326,1.329,1.429,1.3743333333333334,1.365,0.041354833118055566,0,2,7536640,all_reduce,1,1
327,1.324,1.421,1.3623333333333332,1.342,0.04212943019895816,0,2,7569408,all_reduce,1,1
328,1.328,1.468,1.393,1.383,0.05759050847723661,0,2,7602176,all_reduce,1,1
329,1.358,1.436,1.3933333333333333,1.3860000000000001,0.032262809686834225,0,2,7634944,all_reduce,1,1
330,1.354,1.442,1.3903333333333334,1.375,0.03752628708281993,0,2,7667712,all_reduce,1,1
331,1.349,1.451,1.398666666666667,1.3960000000000001,0.04168399639616574,0,2,7700480,all_reduce,1,1
332,1.368,1.486,1.4156666666666666,1.393,0.05076963221804499,0,2,7733248,all_reduce,1,1
333,1.364,1.428,1.398,1.4020000000000001,0.026280537792569305,0,2,7766016,all_reduce,1,1
334,1.374,1.452,1.4136666666666666,1.415,0.03185732080525425,0,2,7798784,all_reduce,1,1
335,1.385,1.453,1.4166666666666667,1.412,0.02795631512834904,0,2,7831552,all_reduce,1,1
336,1.371,1.466,1.4189999999999998,1.42,0.03879003308411409,0,2,7864320,all_reduce,1,1
337,1.4020000000000001,1.475,1.4420000000000002,1.449,0.030210373494325843,0,2,7897088,all_reduce,1,1
338,1.409,1.497,1.441,1.417,0.03973243846867027,0,2,7929856,all_reduce,1,1
339,1.391,1.5010000000000001,1.4413333333333334,1.432,0.045389670875896716,0,2,7962624,all_reduce,1,1
340,1.4060000000000001,1.56,1.4716666666666667,1.449,0.06488108781112993,0,2,7995392,all_reduce,1,1
341,1.408,1.454,1.4313333333333336,1.432,0.018785337071473847,0,2,8028160,all_reduce,1,1
342,1.425,1.5110000000000001,1.4649999999999999,1.459,0.03536476589299961,0,2,8060928,all_reduce,1,1
343,1.428,1.522,1.4649999999999999,1.445,0.04089824772122478,0,2,8093696,all_reduce,1,1
344,1.428,1.518,1.4666666666666666,1.454,0.03781827894315426,0,2,8126464,all_reduce,1,1
345,1.433,1.504,1.4633333333333332,1.453,0.02989239962859379,0,2,8159232,all_reduce,1,1
346,1.423,1.502,1.4586666666666666,1.451,0.032704060230429405,0,2,8192000,all_reduce,1,1
347,1.436,1.5350000000000001,1.484,1.481,0.0404722126896962,0,2,8224768,all_reduce,1,1
348,1.452,1.514,1.4829999999999999,1.483,0.02531139400875953,0,2,8257536,all_reduce,1,1
349,1.446,1.537,1.4829999999999999,1.466,0.039046980250291644,0,2,8290304,all_reduce,1,1
350,1.448,1.539,1.4803333333333333,1.454,0.041555852643025956,0,2,8323072,all_reduce,1,1
351,1.454,1.522,1.4896666666666667,1.493,0.027860764925289182,0,2,8355840,all_reduce,1,1
352,1.464,1.595,1.518,1.495,0.055898717934015844,0,2,8388608,all_reduce,1,1
353,1.528,1.618,1.5596666666666668,1.5330000000000001,0.0412983723112129,0,2,8421376,all_reduce,1,1
354,1.52,1.591,1.5506666666666664,1.541,0.029780679792256053,0,2,8454144,all_reduce,1,1
355,1.5,1.62,1.5616666666666668,1.565,0.049046463231873914,0,2,8486912,all_reduce,1,1
356,1.522,1.6420000000000001,1.5683333333333334,1.541,0.05266455691976875,0,2,8519680,all_reduce,1,1
357,1.5070000000000001,1.622,1.5540000000000003,1.5330000000000001,0.04924090440545,0,2,8552448,all_reduce,1,1
358,1.5110000000000001,1.6260000000000001,1.5633333333333335,1.553,0.047513740702617345,0,2,8585216,all_reduce,1,1
359,1.5070000000000001,1.616,1.561,1.56,0.04450468140169825,0,2,8617984,all_reduce,1,1
360,1.5230000000000001,1.595,1.547666666666667,1.5250000000000001,0.033479678745305844,0,2,8650752,all_reduce,1,1
361,1.491,1.58,1.5473333333333332,1.571,0.04000277768133382,0,2,8683520,all_reduce,1,1
362,1.528,1.574,1.5516666666666667,1.553,0.018803073034893952,0,2,8716288,all_reduce,1,1
363,1.5210000000000001,1.6260000000000001,1.5566666666666666,1.5230000000000001,0.049032868794536395,0,2,8749056,all_reduce,1,1
364,1.537,1.645,1.5743333333333334,1.541,0.04999555535800718,0,2,8781824,all_reduce,1,1
365,1.5090000000000001,1.597,1.5583333333333333,1.569,0.036709066394496476,0,2,8814592,all_reduce,1,1
366,1.534,1.624,1.5693333333333335,1.55,0.03920317447463778,0,2,8847360,all_reduce,1,1
367,1.518,1.6360000000000001,1.57,1.556,0.04917994171068801,0,2,8880128,all_reduce,1,1
368,1.538,1.643,1.5803333333333331,1.56,0.04521307578811932,0,2,8912896,all_reduce,1,1
369,1.554,1.691,1.6016666666666668,1.56,0.06321568019267232,0,2,8945664,all_reduce,1,1
370,1.561,1.666,1.596,1.561,0.04949747468305832,0,2,8978432,all_reduce,1,1
371,1.554,1.659,1.5956666666666666,1.574,0.0455216676124922,0,2,9011200,all_reduce,1,1
372,1.555,1.669,1.6066666666666667,1.596,0.047147522616664515,0,2,9043968,all_reduce,1,1
373,1.587,1.669,1.6146666666666667,1.588,0.03842163742245016,0,2,9076736,all_reduce,1,1
374,1.597,1.651,1.6186666666666667,1.608,0.02329997615640173,0,2,9109504,all_reduce,1,1
375,1.567,1.681,1.612,1.588,0.04953786430600337,0,2,9142272,all_reduce,1,1
376,1.6280000000000001,1.673,1.6516666666666666,1.6540000000000001,0.018445113776342534,0,2,9175040,all_reduce,1,1
377,1.614,1.72,1.667,1.667,0.04327431878916943,0,2,9207808,all_reduce,1,1
378,1.602,1.705,1.6453333333333333,1.629,0.043606829230701416,0,2,9240576,all_reduce,1,1
379,1.653,1.731,1.6796666666666666,1.655,0.03630733014450697,0,2,9273344,all_reduce,1,1
380,1.6320000000000001,1.732,1.6706666666666667,1.6480000000000001,0.043858357875729344,0,2,9306112,all_reduce,1,1
381,1.6420000000000001,1.695,1.6716666666666669,1.678,0.022095751225568696,0,2,9338880,all_reduce,1,1
382,1.641,1.7690000000000001,1.6866666666666668,1.6500000000000001,0.05833428570651133,0,2,9371648,all_reduce,1,1
383,1.633,1.676,1.6583333333333332,1.666,0.018372685039360858,0,2,9404416,all_reduce,1,1
384,1.623,1.762,1.6713333333333331,1.629,0.06415779159402404,0,2,9437184,all_reduce,1,1
385,1.633,1.768,1.6833333333333333,1.649,0.06022365721947555,0,2,9469952,all_reduce,1,1
386,1.629,1.774,1.6819999999999997,1.643,0.06530441536884522,0,2,9502720,all_reduce,1,1
387,1.6280000000000001,1.675,1.656,1.665,0.02021550560007504,0,2,9535488,all_reduce,1,1
388,1.6400000000000001,1.7750000000000001,1.6883333333333335,1.6500000000000001,0.06141841924229426,0,2,9568256,all_reduce,1,1
389,1.6380000000000001,1.679,1.6526666666666667,1.641,0.018660713336371194,0,2,9601024,all_reduce,1,1
390,1.6320000000000001,1.796,1.7,1.672,0.0698188131284589,0,2,9633792,all_reduce,1,1
391,1.635,1.768,1.6806666666666665,1.639,0.06177557949725945,0,2,9666560,all_reduce,1,1
392,1.669,1.732,1.6926666666666665,1.677,0.028003967972810937,0,2,9699328,all_reduce,1,1
393,1.6640000000000001,1.703,1.6783333333333335,1.668,0.017518244457961223,0,2,9732096,all_reduce,1,1
394,1.668,1.697,1.6849999999999998,1.69,0.012355835328567138,0,2,9764864,all_reduce,1,1
395,1.6640000000000001,1.692,1.6780000000000002,1.678,0.011430952132988084,0,2,9797632,all_reduce,1,1
396,1.6600000000000001,1.745,1.6976666666666667,1.688,0.0353679076125361,0,2,9830400,all_reduce,1,1
397,1.674,1.7610000000000001,1.7136666666666667,1.706,0.03592894221778446,0,2,9863168,all_reduce,1,1
398,1.693,1.741,1.7126666666666666,1.704,0.02053181812591269,0,2,9895936,all_reduce,1,1
399,1.687,1.727,1.7080000000000002,1.71,0.016391054470859007,0,2,9928704,all_reduce,1,1
400,1.691,1.7650000000000001,1.7226666666666668,1.712,0.031137687061751358,0,2,9961472,all_reduce,1,1
401,1.723,1.7590000000000001,1.743,1.747,0.014966629547095779,0,2,9994240,all_reduce,1,1
402,1.723,1.803,1.7613333333333332,1.758,0.0327448045073141,0,2,10027008,all_reduce,1,1
403,1.7530000000000001,1.801,1.7746666666666666,1.77,0.019871811414385102,0,2,10059776,all_reduce,1,1
404,1.772,1.849,1.804,1.7910000000000001,0.03275159029217763,0,2,10092544,all_reduce,1,1
405,1.756,1.809,1.7846666666666666,1.7890000000000001,0.021853044537445004,0,2,10125312,all_reduce,1,1
406,1.744,1.852,1.7966666666666669,1.794,0.04413111776916102,0,2,10158080,all_reduce,1,1
407,1.768,1.832,1.7916666666666667,1.7750000000000001,0.028662790435607554,0,2,10190848,all_reduce,1,1
408,1.746,1.7770000000000001,1.764,1.7690000000000001,0.013140268896284744,0,2,10223616,all_reduce,1,1
409,1.734,1.838,1.7853333333333332,1.784,0.04246828882302134,0,2,10256384,all_reduce,1,1
410,1.744,1.825,1.7803333333333333,1.772,0.033589019369761615,0,2,10289152,all_reduce,1,1
411,1.7510000000000001,1.784,1.766,1.7630000000000001,0.013638181696985819,0,2,10321920,all_reduce,1,1
412,1.776,1.824,1.7973333333333334,1.792,0.01995550606279437,0,2,10354688,all_reduce,1,1
413,1.739,1.819,1.7750000000000001,1.7670000000000001,0.033146141052416075,0,2,10387456,all_reduce,1,1
414,1.7650000000000001,1.827,1.7963333333333333,1.797,0.025315783394729965,0,2,10420224,all_reduce,1,1
415,1.7570000000000001,1.821,1.7883333333333333,1.7870000000000001,0.026144895401503367,0,2,10452992,all_reduce,1,1
416,1.78,1.838,1.8020000000000003,1.788,0.0256645020732269,0,2,10485760,all_reduce,1,1
417,1.776,1.822,1.7966666666666666,1.792,0.019067132861433474,0,2,10518528,all_reduce,1,1
418,1.804,1.8760000000000001,1.8296666666666666,1.809,0.03282614134429387,0,2,10551296,all_reduce,1,1
419,1.795,1.854,1.8170000000000002,1.802,0.0263185612575359,0,2,10584064,all_reduce,1,1
420,1.794,1.844,1.814,1.804,0.021602468994692887,0,2,10616832,all_reduce,1,1
421,1.7750000000000001,1.853,1.8086666666666666,1.798,0.032724438710066285,0,2,10649600,all_reduce,1,1
422,1.7910000000000001,1.877,1.8296666666666666,1.821,0.03564017707899638,0,2,10682368,all_reduce,1,1
423,1.792,1.838,1.8203333333333334,1.831,0.020237478982214053,0,2,10715136,all_reduce,1,1
424,1.788,1.861,1.8230000000000002,1.82,0.02987752778706206,0,2,10747904,all_reduce,1,1
425,1.803,1.836,1.8206666666666667,1.823,0.013572848714334944,0,2,10780672,all_reduce,1,1
426,1.808,1.913,1.8490000000000002,1.826,0.04584757354539059,0,2,10813440,all_reduce,1,1
427,1.792,1.856,1.8293333333333335,1.84,0.027194770739161545,0,2,10846208,all_reduce,1,1
428,1.798,1.827,1.8093333333333332,1.803,0.012657891697364995,0,2,10878976,all_reduce,1,1
429,1.797,1.822,1.8083333333333333,1.806,0.010338708279513931,0,2,10911744,all_reduce,1,1
430,1.793,1.8860000000000001,1.8350000000000002,1.826,0.03849675310984039,0,2,10944512,all_reduce,1,1
431,1.806,1.852,1.8336666666666668,1.843,0.019905331502444824,0,2,10977280,all_reduce,1,1
432,1.805,1.9080000000000001,1.8526666666666667,1.845,0.04239758902998569,0,2,11010048,all_reduce,1,1
433,1.812,1.856,1.8336666666666668,1.833,0.017969109295924757,0,2,11042816,all_reduce,1,1
434,1.814,1.871,1.8396666666666668,1.834,0.023612614331233087,0,2,11075584,all_reduce,1,1
435,1.815,1.833,1.8219999999999998,1.818,0.0078740078740118,0,2,11108352,all_reduce,1,1
436,1.816,1.8880000000000001,1.844,1.828,0.03149603149604727,0,2,11141120,all_reduce,1,1
437,1.827,1.836,1.8316666666666668,1.832,0.003681787005729137,0,2,11173888,all_reduce,1,1
438,1.815,1.891,1.8543333333333332,1.857,0.03108411527166607,0,2,11206656,all_reduce,1,1
439,1.828,1.851,1.8413333333333333,1.845,0.009741092797468263,0,2,11239424,all_reduce,1,1
440,1.83,1.861,1.8423333333333334,1.836,0.013424687043734805,0,2,11272192,all_reduce,1,1
441,1.82,1.856,1.8423333333333334,1.851,0.015923427883328244,0,2,11304960,all_reduce,1,1
442,1.818,1.938,1.8736666666666668,1.865,0.04937160677510456,0,2,11337728,all_reduce,1,1
443,1.834,1.863,1.8443333333333332,1.836,0.01322455628325154,0,2,11370496,all_reduce,1,1
444,1.831,1.9040000000000001,1.8653333333333333,1.861,0.029959231558161836,0,2,11403264,all_reduce,1,1
445,1.843,1.885,1.8586666666666665,1.848,0.018732028424302816,0,2,11436032,all_reduce,1,1
446,1.832,1.885,1.8559999999999999,1.851,0.021924111536540444,0,2,11468800,all_reduce,1,1
447,1.864,1.8940000000000001,1.8763333333333334,1.871,0.012814921857827418,0,2,11501568,all_reduce,1,1
448,1.858,1.9000000000000001,1.8793333333333333,1.8800000000000001,0.017152907107024825,0,2,11534336,all_reduce,1,1
449,1.862,1.8940000000000001,1.8780000000000001,1.8780000000000001,0.013063945294843629,0,2,11567104,all_reduce,1,1
450,1.883,1.925,1.9006666666666667,1.8940000000000001,0.017782638224465522,0,2,11599872,all_reduce,1,1
451,1.873,1.9120000000000001,1.8916666666666668,1.8900000000000001,0.015965240019770788,0,2,11632640,all_reduce,1,1
452,1.887,1.925,1.905,1.903,0.015577761927397245,0,2,11665408,all_reduce,1,1
453,1.879,1.9120000000000001,1.8946666666666667,1.893,0.013523641850067254,0,2,11698176,all_reduce,1,1
454,1.8760000000000001,1.947,1.906,1.895,0.030011109054259657,0,2,11730944,all_reduce,1,1
455,1.8900000000000001,1.923,1.9076666666666668,1.9100000000000001,0.013572848714334859,0,2,11763712,all_reduce,1,1
456,1.8900000000000001,1.959,1.9333333333333336,1.951,0.03081485933045215,0,2,11796480,all_reduce,1,1
457,1.8980000000000001,1.915,1.9076666666666668,1.9100000000000001,0.007133644853010867,0,2,11829248,all_reduce,1,1
458,1.921,1.941,1.933,1.937,0.008640987597877155,0,2,11862016,all_reduce,1,1
459,1.897,1.941,1.921,1.925,0.018184242262647823,0,2,11894784,all_reduce,1,1
460,1.917,1.956,1.939,1.944,0.016309506430300057,0,2,11927552,all_reduce,1,1
461,1.926,1.932,1.9286666666666665,1.928,0.0024944382578492965,0,2,11960320,all_reduce,1,1
462,1.928,1.98,1.9506666666666668,1.944,0.021746008573733475,0,2,11993088,all_reduce,1,1
463,1.949,1.964,1.9563333333333333,1.956,0.006128258770283373,0,2,12025856,all_reduce,1,1
464,1.933,1.978,1.9553333333333331,1.955,0.01837268503936086,0,2,12058624,all_reduce,1,1
465,1.947,1.994,1.9666666666666668,1.959,0.01993879523831754,0,2,12091392,all_reduce,1,1
466,1.947,2.0380000000000003,1.9823333333333333,1.962,0.039835773983806284,0,2,12124160,all_reduce,1,1
467,1.959,1.966,1.962,1.961,0.0029439202887759012,0,2,12156928,all_reduce,1,1
468,1.958,2.028,1.9886666666666664,1.98,0.02922708028904399,0,2,12189696,all_reduce,1,1
469,1.951,1.997,1.9793333333333336,1.99,0.020237478982214053,0,2,12222464,all_reduce,1,1
470,1.986,2.037,2.012,2.013,0.02083266665599963,0,2,12255232,all_reduce,1,1
471,1.976,1.998,1.983666666666667,1.977,0.010143416036468612,0,2,12288000,all_reduce,1,1
472,1.972,2.056,2.0090000000000003,1.999,0.035014282800023215,0,2,12320768,all_reduce,1,1
473,1.991,2.027,2.004,1.994,0.016309506430300127,0,2,12353536,all_reduce,1,1
474,1.999,2.036,2.0216666666666665,2.0300000000000002,0.016213848676020416,0,2,12386304,all_reduce,1,1
475,1.978,2.012,1.9959999999999998,1.998,0.013952299690970912,0,2,12419072,all_reduce,1,1
476,1.996,2.048,2.029666666666667,2.045,0.02383741223837483,0,2,12451840,all_reduce,1,1
477,2.015,2.033,2.0263333333333335,2.031,0.008055363982396329,0,2,12484608,all_reduce,1,1
478,2.017,2.063,2.0346666666666664,2.024,0.020237478982214157,0,2,12517376,all_reduce,1,1
479,2.011,2.035,2.026333333333333,2.033,0.01087300428686669,0,2,12550144,all_reduce,1,1
480,2.0180000000000002,2.077,2.048,2.049,0.02409702609590364,0,2,12582912,all_reduce,1,1
481,2.021,2.043,2.0353333333333334,2.0420000000000003,0.010143416036468764,0,2,12615680,all_reduce,1,1
482,2.037,2.066,2.0546666666666664,2.061,0.012657891697364995,0,2,12648448,all_reduce,1,1
483,2.025,2.064,2.0436666666666667,2.0420000000000003,0.01596524001977078,0,2,12681216,all_reduce,1,1
484,2.044,2.088,2.0686666666666667,2.074,0.018354533197248266,0,2,12713984,all_reduce,1,1
485,2.0460000000000003,2.067,2.0596666666666668,2.066,0.009672412085697824,0,2,12746752,all_reduce,1,1
486,2.052,2.098,2.0733333333333337,2.07,0.018926759422104453,0,2,12779520,all_reduce,1,1
487,2.044,2.094,2.071,2.075,0.020607442021431586,0,2,12812288,all_reduce,1,1
488,2.061,2.122,2.0883333333333334,2.082,0.02530261295246444,0,2,12845056,all_reduce,1,1
489,2.066,2.106,2.0866666666666664,2.088,0.01635712552851375,0,2,12877824,all_reduce,1,1
490,2.066,2.108,2.0826666666666664,2.074,0.018208667044997004,0,2,12910592,all_reduce,1,1
491,2.066,2.097,2.086,2.095,0.014165686240583964,0,2,12943360,all_reduce,1,1
492,2.087,2.133,2.107666666666667,2.103,0.019067132861433373,0,2,12976128,all_reduce,1,1
493,2.078,2.111,2.0996666666666663,2.11,0.015326085243430295,0,2,13008896,all_reduce,1,1
494,2.077,2.1470000000000002,2.115666666666667,2.123,0.02904402788105608,0,2,13041664,all_reduce,1,1
495,2.1,2.107,2.1026666666666665,2.101,0.003091206165165309,0,2,13074432,all_reduce,1,1
496,2.093,2.1670000000000003,2.125,2.115,0.031026870075253697,0,2,13107200,all_reduce,1,1
497,2.1,2.1630000000000003,2.135,2.142,0.026191601707417633,0,2,13139968,all_reduce,1,1
498,2.111,2.1710000000000003,2.1373333333333333,2.13,0.025037749277618617,0,2,13172736,all_reduce,1,1
499,2.141,2.164,2.149,2.142,0.010614455552060526,0,2,13205504,all_reduce,1,1
500,2.122,2.184,2.1453333333333333,2.13,0.027535835237417972,0,2,13238272,all_reduce,1,1
501,2.118,2.16,2.1376666666666666,2.1350000000000002,0.017249798710580907,0,2,13271040,all_reduce,1,1
502,2.126,2.154,2.14,2.14,0.011430952132988174,0,2,13303808,all_reduce,1,1
503,2.134,2.156,2.144666666666667,2.144,0.00899382504215479,0,2,13336576,all_reduce,1,1
504,2.1470000000000002,2.202,2.1763333333333335,2.18,0.02260285134421947,0,2,13369344,all_reduce,1,1
505,2.128,2.1670000000000003,2.1523333333333334,2.162,0.01732692189115604,0,2,13402112,all_reduce,1,1
506,2.141,2.232,2.178666666666667,2.1630000000000003,0.03876711091748898,0,2,13434880,all_reduce,1,1
507,2.1510000000000002,2.196,2.1733333333333333,2.173,0.01837268503936086,0,2,13467648,all_reduce,1,1
508,2.153,2.196,2.175666666666667,2.178,0.01763204154058431,0,2,13500416,all_reduce,1,1
509,2.183,2.186,2.1843333333333335,2.184,0.001247219128924668,0,2,13533184,all_reduce,1,1
510,2.172,2.25,2.2043333333333335,2.191,0.033209770985191796,0,2,13565952,all_reduce,1,1
511,2.1670000000000003,2.191,2.177,2.173,0.010198039027185404,0,2,13598720,all_reduce,1,1
512,2.186,2.238,2.2053333333333334,2.192,0.02322833518691244,0,2,13631488,all_reduce,1,1
513,2.188,2.21,2.2006666666666668,2.204,0.009285592184789346,0,2,13664256,all_reduce,1,1
514,2.186,2.237,2.216666666666667,2.227,0.022065558884580522,0,2,13697024,all_reduce,1,1
515,2.188,2.234,2.2123333333333335,2.215,0.018873850222522668,0,2,13729792,all_reduce,1,1
516,2.192,2.245,2.2159999999999997,2.211,0.02192411153654046,0,2,13762560,all_reduce,1,1
517,2.215,2.247,2.2319999999999998,2.234,0.0131402688962847,0,2,13795328,all_reduce,1,1
518,2.195,2.232,2.2146666666666666,2.217,0.015195028426722126,0,2,13828096,all_reduce,1,1
519,2.199,2.235,2.22,2.226,0.015297058540778383,0,2,13860864,all_reduce,1,1
520,2.216,2.242,2.229,2.229,0.010614455552060358,0,2,13893632,all_reduce,1,1
521,2.221,2.262,2.2466666666666666,2.257,0.01826350337573695,0,2,13926400,all_reduce,1,1
522,2.23,2.308,2.264,2.254,0.032619012860600115,0,2,13959168,all_reduce,1,1
523,2.232,2.2640000000000002,2.2493333333333334,2.2520000000000002,0.0131993265821489,0,2,13991936,all_reduce,1,1
524,2.235,2.306,2.2653333333333334,2.255,0.02989239962859389,0,2,14024704,all_reduce,1,1
525,2.239,2.263,2.248333333333333,2.243,0.010498677165349092,0,2,14057472,all_reduce,1,1
526,2.246,2.31,2.2723333333333335,2.261,0.027329267990359517,0,2,14090240,all_reduce,1,1
527,2.245,2.282,2.2656666666666667,2.27,0.015412837362262486,0,2,14123008,all_reduce,1,1
528,2.248,2.328,2.2853333333333334,2.2800000000000002,0.03287687468250104,0,2,14155776,all_reduce,1,1
529,2.266,2.293,2.2756666666666665,2.2680000000000002,0.01228368384845887,0,2,14188544,all_reduce,1,1
530,2.279,2.295,2.2883333333333336,2.291,0.006798692684790385,0,2,14221312,all_reduce,1,1
531,2.265,2.314,2.297333333333334,2.313,0.02286676384818999,0,2,14254080,all_reduce,1,1
532,2.285,2.302,2.295,2.298,0.007257180352359035,0,2,14286848,all_reduce,1,1
533,2.271,2.301,2.287666666666667,2.291,0.012472191289246561,0,2,14319616,all_reduce,1,1
534,2.278,2.346,2.305,2.291,0.029473151624260837,0,2,14352384,all_reduce,1,1
535,2.298,2.328,2.313,2.313,0.01224744871391581,0,2,14385152,all_reduce,1,1
536,2.31,2.402,2.3476666666666666,2.331,0.03936439451529211,0,2,14417920,all_reduce,1,1
537,2.324,2.351,2.334,2.327,0.012083045973594612,0,2,14450688,all_reduce,1,1
538,2.307,2.34,2.3253333333333335,2.329,0.01371941041817111,0,2,14483456,all_reduce,1,1
539,2.315,2.343,2.329333333333333,2.33,0.011440668201153689,0,2,14516224,all_reduce,1,1
540,2.325,2.38,2.344,2.327,0.025468935326524004,0,2,14548992,all_reduce,1,1
541,2.332,2.346,2.337,2.333,0.0063770421565697046,0,2,14581760,all_reduce,1,1
542,2.318,2.368,2.344333333333333,2.347,0.02049932248202899,0,2,14614528,all_reduce,1,1
543,2.353,2.375,2.3636666666666666,2.363,0.008993825042154614,0,2,14647296,all_reduce,1,1
544,2.342,2.3770000000000002,2.359,2.358,0.014306175822583348,0,2,14680064,all_reduce,1,1
545,2.351,2.36,2.3566666666666665,2.359,0.004027681991198164,0,2,14712832,all_reduce,1,1
546,2.364,2.419,2.387333333333333,2.379,0.02321398046197359,0,2,14745600,all_reduce,1,1
547,2.354,2.408,2.3863333333333334,2.3970000000000002,0.023299976156401694,0,2,14778368,all_reduce,1,1
548,2.347,2.412,2.388666666666667,2.407,0.029533408577782246,0,2,14811136,all_reduce,1,1
549,2.364,2.4050000000000002,2.380333333333333,2.372,0.017745108872275053,0,2,14843904,all_reduce,1,1
550,2.37,2.41,2.3930000000000002,2.399,0.016872067646458353,0,2,14876672,all_reduce,1,1
551,2.3810000000000002,2.4010000000000002,2.3906666666666667,2.39,0.008178562764256875,0,2,14909440,all_reduce,1,1
552,2.3930000000000002,2.41,2.4030000000000005,2.406,0.007257180352359036,0,2,14942208,all_reduce,1,1
553,2.39,2.424,2.407,2.407,0.013880441875771263,0,2,14974976,all_reduce,1,1
554,2.373,2.446,2.4050000000000002,2.396,0.030474032661705067,0,2,15007744,all_reduce,1,1
555,2.3970000000000002,2.427,2.414,2.418,0.012569805089976457,0,2,15040512,all_reduce,1,1
556,2.403,2.464,2.427,2.414,0.026545558322752683,0,2,15073280,all_reduce,1,1
557,2.3930000000000002,2.431,2.4073333333333338,2.398,0.016858891488535654,0,2,15106048,all_reduce,1,1
558,2.436,2.464,2.446,2.438,0.012754084313139293,0,2,15138816,all_reduce,1,1
559,2.4050000000000002,2.432,2.420666666666667,2.4250000000000003,0.011440668201153576,0,2,15171584,all_reduce,1,1
560,2.411,2.444,2.4316666666666666,2.44,0.014704496666741812,0,2,15204352,all_reduce,1,1
561,2.44,2.468,2.454333333333333,2.455,0.011440668201153689,0,2,15237120,all_reduce,1,1
562,2.456,2.474,2.462666666666667,2.458,0.00805536398239645,0,2,15269888,all_reduce,1,1
563,2.446,2.46,2.452666666666667,2.452,0.00573488351136167,0,2,15302656,all_reduce,1,1
564,2.444,2.512,2.477333333333333,2.476,0.027776888874666235,0,2,15335424,all_reduce,1,1
565,2.454,2.486,2.465666666666667,2.457,0.014429907214608987,0,2,15368192,all_reduce,1,1
566,2.433,2.507,2.470333333333333,2.471,0.03021405118299921,0,2,15400960,all_reduce,1,1
567,2.457,2.472,2.4636666666666667,2.462,0.006236095644623261,0,2,15433728,all_reduce,1,1
568,2.477,2.499,2.4906666666666664,2.496,0.009741092797468397,0,2,15466496,all_reduce,1,1
569,2.446,2.488,2.4723333333333333,2.483,0.018732028424302757,0,2,15499264,all_reduce,1,1
570,2.477,2.532,2.5013333333333336,2.495,0.02289589968143258,0,2,15532032,all_reduce,1,1
571,2.467,2.488,2.48,2.485,0.00927361849549564,0,2,15564800,all_reduce,1,1
572,2.481,2.532,2.506,2.505,0.020832666655999723,0,2,15597568,all_reduce,1,1
573,2.492,2.516,2.505333333333333,2.508,0.009977753031397186,0,2,15630336,all_reduce,1,1
574,2.475,2.5340000000000003,2.4993333333333334,2.489,0.025170529504870587,0,2,15663104,all_reduce,1,1
575,2.498,2.525,2.5140000000000002,2.519,0.011575836902790114,0,2,15695872,all_reduce,1,1
576,2.512,2.531,2.5193333333333334,2.515,0.008339997335464576,0,2,15728640,all_reduce,1,1
577,2.513,2.559,2.5286666666666666,2.5140000000000002,0.021452790546272162,0,2,15761408,all_reduce,1,1
578,2.509,2.568,2.5376666666666665,2.536,0.024115462996914628,0,2,15794176,all_reduce,1,1
579,2.505,2.5340000000000003,2.5203333333333338,2.5220000000000002,0.011897712198383318,0,2,15826944,all_reduce,1,1
580,2.531,2.573,2.5476666666666667,2.539,0.018208667044996796,0,2,15859712,all_reduce,1,1
581,2.529,2.57,2.5476666666666667,2.544,0.01693779468788329,0,2,15892480,all_reduce,1,1
582,2.539,2.571,2.550333333333333,2.541,0.014636332266733493,0,2,15925248,all_reduce,1,1
583,2.532,2.548,2.5406666666666666,2.5420000000000003,0.006599663291074464,0,2,15958016,all_reduce,1,1
584,2.537,2.569,2.557,2.565,0.014236104336041762,0,2,15990784,all_reduce,1,1
585,2.527,2.586,2.5513333333333335,2.541,0.025170529504870382,0,2,16023552,all_reduce,1,1
586,2.555,2.6,2.5766666666666667,2.575,0.018408935028645403,0,2,16056320,all_reduce,1,1
587,2.547,2.577,2.564666666666667,2.57,0.012814921857827285,0,2,16089088,all_reduce,1,1
588,2.549,2.668,2.595666666666667,2.57,0.05186092513208348,0,2,16121856,all_reduce,1,1
589,2.561,2.576,2.5696666666666665,2.572,0.006342099196813539,0,2,16154624,all_reduce,1,1
590,2.5540000000000003,2.592,2.5766666666666667,2.584,0.016357125528513643,0,2,16187392,all_reduce,1,1
591,2.569,2.602,2.582666666666667,2.577,0.014055445761538637,0,2,16220160,all_reduce,1,1
592,2.568,2.61,2.5926666666666667,2.6,0.017913371790059147,0,2,16252928,all_reduce,1,1
593,2.584,2.6310000000000002,2.6123333333333334,2.622,0.020368821489936267,0,2,16285696,all_reduce,1,1
594,2.586,2.6350000000000002,2.614666666666667,2.623,0.020853989759489575,0,2,16318464,all_reduce,1,1
595,2.579,2.628,2.611333333333334,2.6270000000000002,0.02286676384818999,0,2,16351232,all_reduce,1,1
596,2.61,2.658,2.6316666666666664,2.6270000000000002,0.019871811414385165,0,2,16384000,all_reduce,1,1
597,2.61,2.636,2.624,2.626,0.010708252269472765,0,2,16416768,all_reduce,1,1
598,2.594,2.6590000000000003,2.629,2.634,0.026770630673681833,0,2,16449536,all_reduce,1,1
599,2.614,2.6510000000000002,2.632,2.6310000000000002,0.015121728296285154,0,2,16482304,all_reduce,1,1
600,2.6350000000000002,2.684,2.658666666666667,2.657,0.02003885115358549,0,2,16515072,all_reduce,1,1
601,2.622,2.656,2.6406666666666667,2.644,0.014079141387962029,0,2,16547840,all_reduce,1,1
602,2.621,2.664,2.6456666666666666,2.652,0.018116904322268323,0,2,16580608,all_reduce,1,1
603,2.634,2.664,2.6466666666666665,2.642,0.012684198393627078,0,2,16613376,all_reduce,1,1
604,2.64,2.686,2.656,2.642,0.021228911104120837,0,2,16646144,all_reduce,1,1
605,2.653,2.6790000000000003,2.6646666666666667,2.662,0.010780641085864271,0,2,16678912,all_reduce,1,1
606,2.634,2.728,2.6793333333333336,2.676,0.03844765561412336,0,2,16711680,all_reduce,1,1
607,2.641,2.674,2.6613333333333333,2.669,0.014522013940527956,0,2,16744448,all_reduce,1,1
608,2.669,2.72,2.689,2.678,0.022226110770892957,0,2,16777216,all_reduce,1,1
609,2.6590000000000003,2.699,2.676,2.67,0.016872067646458204,0,2,16777216,all_reduce,1,1
610,2.686,2.751,2.7263333333333333,2.742,0.028755675768252928,0,2,16908288,all_reduce,1,1
611,2.722,2.7560000000000002,2.736666666666667,2.732,0.014267289706021886,0,2,17039360,all_reduce,1,1
612,2.733,2.7840000000000003,2.7566666666666664,2.753,0.02098147330914169,0,2,17170432,all_reduce,1,1
613,2.763,2.7920000000000003,2.773,2.7640000000000002,0.013441230102437397,0,2,17301504,all_reduce,1,1
614,2.8040000000000003,2.838,2.816333333333333,2.807,0.015369522511197982,0,2,17432576,all_reduce,1,1
615,2.823,2.841,2.833,2.835,0.007483314773547968,0,2,17563648,all_reduce,1,1
616,2.849,2.867,2.8556666666666666,2.851,0.008055363982396327,0,2,17694720,all_reduce,1,1
617,2.86,2.882,2.8683333333333336,2.863,0.009741092797468397,0,2,17825792,all_reduce,1,1
618,2.874,2.942,2.9043333333333337,2.8970000000000002,0.028241026106633527,0,2,17956864,all_reduce,1,1
619,2.884,2.944,2.9163333333333337,2.9210000000000003,0.02471616654922221,0,2,18087936,all_reduce,1,1
620,2.915,2.962,2.9346666666666668,2.927,0.019938795238317642,0,2,18219008,all_reduce,1,1
621,2.945,2.973,2.9566666666666666,2.952,0.01189771219838316,0,2,18350080,all_reduce,1,1
622,2.965,3.009,2.9913333333333334,3.0,0.018979521127315713,0,2,18481152,all_reduce,1,1
623,2.97,3.0100000000000002,2.987,2.981,0.016872067646458405,0,2,18612224,all_reduce,1,1
624,2.987,3.032,3.0090000000000003,3.008,0.01838477631085021,0,2,18743296,all_reduce,1,1
625,3.025,3.039,3.0323333333333333,3.033,0.005734883511361842,0,2,18874368,all_reduce,1,1
626,3.048,3.092,3.068666666666667,3.0660000000000003,0.018061622912192092,0,2,19005440,all_reduce,1,1
627,3.051,3.087,3.0716666666666668,3.077,0.015173075568988044,0,2,19136512,all_reduce,1,1
628,3.091,3.1310000000000002,3.113666666666667,3.119,0.016759740119968728,0,2,19267584,all_reduce,1,1
629,3.093,3.132,3.1140000000000003,3.117,0.016062378404209064,0,2,19398656,all_reduce,1,1
630,3.115,3.16,3.144666666666667,3.1590000000000003,0.020981473309141612,0,2,19529728,all_reduce,1,1
631,3.142,3.172,3.1603333333333334,3.1670000000000003,0.013123346456686485,0,2,19660800,all_reduce,1,1
632,3.173,3.21,3.191333333333333,3.1910000000000003,0.015107025591499514,0,2,19791872,all_reduce,1,1
633,3.176,3.194,3.186666666666667,3.19,0.007717224601860056,0,2,19922944,all_reduce,1,1
634,3.201,3.248,3.2256666666666667,3.228,0.019258475767539116,0,2,20054016,all_reduce,1,1
635,3.218,3.2560000000000002,3.235,3.231,0.01576916823001995,0,2,20185088,all_reduce,1,1
636,3.228,3.302,3.268666666666667,3.2760000000000002,0.030652170486860343,0,2,20316160,all_reduce,1,1
637,3.247,3.277,3.260666666666667,3.258,0.01239175353029417,0,2,20447232,all_reduce,1,1
638,3.286,3.351,3.315666666666667,3.31,0.026836956277160436,0,2,20578304,all_reduce,1,1
639,3.293,3.3280000000000003,3.307,3.3000000000000003,0.015121728296285055,0,2,20709376,all_reduce,1,1
640,3.321,3.374,3.3503333333333334,3.356,0.022005049925465293,0,2,20840448,all_reduce,1,1
641,3.349,3.383,3.3670000000000004,3.369,0.013952299690970827,0,2,20971520,all_reduce,1,1
642,3.357,3.4330000000000003,3.3913333333333338,3.384,0.03145720196641079,0,2,21102592,all_reduce,1,1
643,3.369,3.43,3.3960000000000004,3.3890000000000002,0.025390286856722698,0,2,21233664,all_reduce,1,1
644,3.38,3.436,3.4120000000000004,3.42,0.023551362310207612,0,2,21364736,all_reduce,1,1
645,3.4250000000000003,3.469,3.4476666666666667,3.4490000000000003,0.017987650084309227,0,2,21495808,all_reduce,1,1
646,3.4210000000000003,3.472,3.4493333333333336,3.455,0.021202725191718882,0,2,21626880,all_reduce,1,1
647,3.455,3.492,3.468,3.457,0.016990193249832888,0,2,21757952,all_reduce,1,1
648,3.48,3.537,3.5036666666666663,3.494,0.02425329301810827,0,2,21889024,all_reduce,1,1
649,3.5020000000000002,3.5220000000000002,3.5103333333333335,3.507,0.008498365855987997,0,2,22020096,all_reduce,1,1
650,3.525,3.619,3.564,3.548,0.0400083324654587,0,2,22151168,all_reduce,1,1
651,3.543,3.567,3.553666666666667,3.551,0.009977753031397186,0,2,22282240,all_reduce,1,1
652,3.557,3.624,3.591666666666667,3.594,0.02740235188608621,0,2,22413312,all_reduce,1,1
653,3.576,3.59,3.582333333333333,3.581,0.0057927157323275046,0,2,22544384,all_reduce,1,1
654,3.613,3.649,3.625666666666666,3.615,0.016519348924485124,0,2,22675456,all_reduce,1,1
655,3.608,3.633,3.6206666666666667,3.621,0.010208928554075666,0,2,22806528,all_reduce,1,1
656,3.653,3.685,3.6673333333333336,3.664,0.013274871834493253,0,2,22937600,all_reduce,1,1
657,3.658,3.678,3.6686666666666667,3.67,0.008219218670625309,0,2,23068672,all_reduce,1,1
658,3.6870000000000003,3.73,3.705666666666667,3.7,0.018006171781425884,0,2,23199744,all_reduce,1,1
659,3.716,3.77,3.7389999999999994,3.731,0.02275961335348204,0,2,23330816,all_reduce,1,1
660,3.715,3.785,3.7520000000000002,3.7560000000000002,0.028717010057919923,0,2,23461888,all_reduce,1,1
661,3.748,3.7720000000000002,3.7576666666666667,3.753,0.010338708279513907,0,2,23592960,all_reduce,1,1
662,3.782,3.79,3.785,3.783,0.003559026084010461,0,2,23724032,all_reduce,1,1
663,3.774,3.785,3.7783333333333338,3.7760000000000002,0.004784233364802461,0,2,23855104,all_reduce,1,1
664,3.813,3.842,3.830666666666667,3.837,0.012657891697364995,0,2,23986176,all_reduce,1,1
665,3.825,3.833,3.828666666666667,3.8280000000000003,0.0032998316455372175,0,2,24117248,all_reduce,1,1
666,3.854,3.875,3.865,3.866,0.00860232526704259,0,2,24248320,all_reduce,1,1
667,3.88,3.8930000000000002,3.8870000000000005,3.888,0.005354126134736466,0,2,24379392,all_reduce,1,1
668,3.842,3.9530000000000003,3.8976666666666664,3.898,0.045316173222764114,0,2,24510464,all_reduce,1,1
669,3.9050000000000002,3.936,3.921666666666667,3.924,0.012762793146050964,0,2,24641536,all_reduce,1,1
670,3.923,3.982,3.955666666666667,3.962,0.02449943310001735,0,2,24772608,all_reduce,1,1
671,3.936,3.947,3.942,3.943,0.004546060565662005,0,2,24903680,all_reduce,1,1
672,3.976,3.985,3.9806666666666666,3.981,0.0036817870057290433,0,2,25034752,all_reduce,1,1
673,4.007,4.0200000000000005,4.013000000000001,4.0120000000000005,0.005354126134736631,0,2,25165824,all_reduce,1,1
674,4.0120000000000005,4.071,4.0473333333333334,4.059,0.02546020860523748,0,2,25296896,all_reduce,1,1
675,4.057,4.069,4.061666666666667,4.059,0.005249338582674376,0,2,25427968,all_reduce,1,1
676,4.058,4.134,4.0986666666666665,4.104,0.03125522178594965,0,2,25559040,all_reduce,1,1
677,4.0680000000000005,4.13,4.09,4.072,0.02833137248116751,0,2,25690112,all_reduce,1,1
678,4.105,4.17,4.135666666666666,4.132,0.026662499674428117,0,2,25821184,all_reduce,1,1
679,4.128,4.1690000000000005,4.142333333333333,4.13,0.018873850222522977,0,2,25952256,all_reduce,1,1
680,4.125,4.1930000000000005,4.166666666666667,4.182,0.029803057263009695,0,2,26083328,all_reduce,1,1
681,4.1850000000000005,4.1930000000000005,4.188000000000001,4.186,0.0035590260840105445,0,2,26214400,all_reduce,1,1
682,4.186,4.266,4.231333333333333,4.242,0.033519480239937456,0,2,26345472,all_reduce,1,1
683,4.188,4.265,4.218333333333333,4.202,0.03348963355361703,0,2,26476544,all_reduce,1,1
684,4.248,4.267,4.259,4.2620000000000005,0.008041558721209952,0,2,26607616,all_reduce,1,1
685,4.246,4.298,4.2716666666666665,4.271,0.02123414441151049,0,2,26738688,all_reduce,1,1
686,4.2620000000000005,4.337,4.301333333333333,4.305,0.030728199137310397,0,2,26869760,all_reduce,1,1
687,4.3180000000000005,4.321,4.32,4.321,0.0014142135623727299,0,2,27000832,all_reduce,1,1
688,4.312,4.336,4.322,4.3180000000000005,0.01019803902718555,0,2,27131904,all_reduce,1,1
689,4.33,4.376,4.350666666666667,4.346,0.01906713286143357,0,2,27262976,all_reduce,1,1
690,4.3500000000000005,4.392,4.368333333333333,4.363,0.017556258776351516,0,2,27394048,all_reduce,1,1
691,4.383,4.413,4.393999999999999,4.386,0.013490737563232135,0,2,27525120,all_reduce,1,1
692,4.38,4.4350000000000005,4.405333333333333,4.401,0.022661764175711648,0,2,27656192,all_reduce,1,1
693,4.414,4.445,4.429333333333333,4.429,0.012657891697365252,0,2,27787264,all_reduce,1,1
694,4.448,4.481,4.468,4.4750000000000005,0.014352700094407186,0,2,27918336,all_reduce,1,1
695,4.471,4.482,4.475333333333333,4.473,0.004784233364802533,0,2,28049408,all_reduce,1,1
696,4.47,4.549,4.500666666666667,4.483,0.03458644564308746,0,2,28180480,all_reduce,1,1
697,4.49,4.53,4.505333333333334,4.496,0.01761312641816385,0,2,28311552,all_reduce,1,1
698,4.509,4.5920000000000005,4.553333333333334,4.559,0.03412070078738458,0,2,28442624,all_reduce,1,1
699,4.527,4.579,4.549666666666667,4.543,0.021746008573733273,0,2,28573696,all_reduce,1,1
700,4.563,4.605,4.590333333333334,4.603,0.019344824171396064,0,2,28704768,all_reduce,1,1
701,4.59,4.643,4.609333333333333,4.595,0.023893281249943225,0,2,28835840,all_reduce,1,1
702,4.5840000000000005,4.683,4.638,4.647,0.040914545090957294,0,2,28966912,all_reduce,1,1
703,4.624,4.642,4.633666666666667,4.635,0.007408703590297886,0,2,29097984,all_reduce,1,1
704,4.604,4.682,4.654000000000001,4.676,0.03544009029333879,0,2,29229056,all_reduce,1,1
705,4.6530000000000005,4.679,4.665,4.663,0.0107082522694726,0,2,29360128,all_reduce,1,1
706,4.655,4.734,4.695333333333333,4.697,0.032273139846558906,0,2,29491200,all_reduce,1,1
707,4.699,4.73,4.717333333333333,4.723,0.01327487183449344,0,2,29622272,all_reduce,1,1
708,4.713,4.7620000000000005,4.735666666666667,4.732,0.020171487027209847,0,2,29753344,all_reduce,1,1
709,4.691,4.771,4.726333333333333,4.7170000000000005,0.0333199973322661,0,2,29884416,all_reduce,1,1
710,4.75,4.82,4.776,4.758,0.031283648551066974,0,2,30015488,all_reduce,1,1
711,4.769,4.798,4.779333333333333,4.771,0.013224556283251587,0,2,30146560,all_reduce,1,1
712,4.7780000000000005,4.896,4.832,4.822,0.04868949236402702,0,2,30277632,all_reduce,1,1
713,4.803,4.819,4.812666666666666,4.816,0.006944222218666541,0,2,30408704,all_reduce,1,1
714,4.8420000000000005,4.934,4.884666666666667,4.878,0.03785351884420891,0,2,30539776,all_reduce,1,1
715,4.838,4.886,4.864,4.868,0.019798989873223365,0,2,30670848,all_reduce,1,1
716,4.848,4.916,4.887666666666667,4.899,0.0288944439103593,0,2,30801920,all_reduce,1,1
717,4.857,4.938,4.8933333333333335,4.885,0.033589019369761455,0,2,30932992,all_reduce,1,1
718,4.925,4.964,4.948666666666667,4.957,0.016977108770995973,0,2,31064064,all_reduce,1,1
719,4.926,4.9590000000000005,4.947333333333334,4.957,0.015107025591499575,0,2,31195136,all_reduce,1,1
720,4.946,4.997,4.9799999999999995,4.997,0.02404163056034269,0,2,31326208,all_reduce,1,1
721,4.9590000000000005,5.019,4.989,4.989,0.02449489742783162,0,2,31457280,all_reduce,1,1
722,5.0200000000000005,5.046,5.0296666666666665,5.023,0.011614167593456284,0,2,31588352,all_reduce,1,1
723,5.029,5.102,5.057333333333333,5.041,0.031961782734315096,0,2,31719424,all_reduce,1,1
724,5.031,5.09,5.064,5.071,0.024589970855344048,0,2,31850496,all_reduce,1,1
725,5.049,5.096,5.0696666666666665,5.064,0.019601587237318776,0,2,31981568,all_reduce,1,1
726,5.061,5.146,5.1080000000000005,5.117,0.03527983371087038,0,2,32112640,all_reduce,1,1
727,5.081,5.12,5.1066666666666665,5.119,0.018153665072253255,0,2,32243712,all_reduce,1,1
728,5.111,5.166,5.144333333333333,5.156,0.02392116682401238,0,2,32374784,all_reduce,1,1
729,5.121,5.166,5.149333333333334,5.1610000000000005,0.020138409955990942,0,2,32505856,all_reduce,1,1
730,5.13,5.2170000000000005,5.183000000000001,5.202,0.037973675092095246,0,2,32636928,all_reduce,1,1
731,5.139,5.187,5.162,5.16,0.019646882704388524,0,2,32768000,all_reduce,1,1
732,5.181,5.2540000000000004,5.216666666666667,5.215,0.029825417944356884,0,2,32899072,all_reduce,1,1
733,5.228,5.238,5.233,5.2330000000000005,0.004082482904638906,0,2,33030144,all_reduce,1,1
734,5.213,5.299,5.257000000000001,5.259,0.03513782387494529,0,2,33161216,all_reduce,1,1
735,5.246,5.2860000000000005,5.260666666666666,5.25,0.017987650084309494,0,2,33292288,all_reduce,1,1
736,5.279,5.338,5.311666666666667,5.3180000000000005,0.024499433100017388,0,2,33423360,all_reduce,1,1
737,5.283,5.335,5.311333333333334,5.316,0.02148384405909584,0,2,33554432,all_reduce,1,1
738,5.345,5.399,5.377,5.3870000000000005,0.023151673805580638,0,2,33685504,all_reduce,1,1
739,5.371,5.42,5.392,5.385,0.020607442021431485,0,2,33816576,all_reduce,1,1
740,5.3660000000000005,5.438,5.405,5.4110000000000005,0.029698484809834686,0,2,33947648,all_reduce,1,1
741,5.3870000000000005,5.418,5.405333333333334,5.4110000000000005,0.013274871834493157,0,2,34078720,all_reduce,1,1
742,5.43,5.4670000000000005,5.454000000000001,5.465,0.016990193249833117,0,2,34209792,all_reduce,1,1
743,5.457,5.515,5.476666666666667,5.458,0.027108834148463126,0,2,34340864,all_reduce,1,1
744,5.463,5.532,5.503666666666668,5.516,0.029488227406128605,0,2,34471936,all_reduce,1,1
745,5.4750000000000005,5.537,5.496666666666667,5.478,0.028546258754675403,0,2,34603008,all_reduce,1,1
746,5.484,5.5680000000000005,5.535,5.553,0.03657868231634391,0,2,34734080,all_reduce,1,1
747,5.535,5.587,5.556,5.546,0.022375581929117677,0,2,34865152,all_reduce,1,1
748,5.524,5.588,5.5553333333333335,5.554,0.026144895401503453,0,2,34996224,all_reduce,1,1
749,5.541,5.61,5.570666666666667,5.561,0.02898658693641291,0,2,35127296,all_reduce,1,1
750,5.578,5.6610000000000005,5.623666666666668,5.632,0.03439315177312033,0,2,35258368,all_reduce,1,1
751,5.596,5.68,5.626,5.602,0.03826225293941776,0,2,35389440,all_reduce,1,1
752,5.614,5.728,5.669999999999999,5.668,0.04656178690729121,0,2,35520512,all_reduce,1,1
753,5.636,5.684,5.662333333333333,5.667,0.019871811414385165,0,2,35651584,all_reduce,1,1
754,5.667,5.7010000000000005,5.678999999999999,5.6690000000000005,0.015577761927397415,0,2,35782656,all_reduce,1,1
755,5.6530000000000005,5.7010000000000005,5.675333333333334,5.672,0.01973716179078334,0,2,35913728,all_reduce,1,1
756,5.726,5.782,5.753,5.751,0.02290560339014598,0,2,36044800,all_reduce,1,1
757,5.728,5.769,5.748333333333332,5.748,0.01673983937265311,0,2,36175872,all_reduce,1,1
758,5.75,5.79,5.774666666666666,5.784,0.01761312641816385,0,2,36306944,all_reduce,1,1
759,5.731,5.78,5.760333333333333,5.7700000000000005,0.02113974666094411,0,2,36438016,all_reduce,1,1
760,5.804,5.848,5.826666666666667,5.828,0.017987650084309227,0,2,36569088,all_reduce,1,1
761,5.789,5.821,5.801333333333333,5.7940000000000005,0.014055445761538554,0,2,36700160,all_reduce,1,1
762,5.8020000000000005,5.908,5.854666666666667,5.854,0.04327688631231324,0,2,36831232,all_reduce,1,1
763,5.812,5.873,5.848,5.859,0.026089589239132602,0,2,36962304,all_reduce,1,1
764,5.881,5.955,5.923666666666667,5.9350000000000005,0.03125522178594942,0,2,37093376,all_reduce,1,1
765,5.876,5.965,5.918333333333333,5.914,0.03646307112073176,0,2,37224448,all_reduce,1,1
766,5.899,5.953,5.9316666666666675,5.9430000000000005,0.023456816114345736,0,2,37355520,all_reduce,1,1
767,5.923,5.9750000000000005,5.9433333333333325,5.932,0.022691163233490182,0,2,37486592,all_reduce,1,1
768,5.93,6.024,5.9816666666666665,5.9910000000000005,0.03893869826049962,0,2,37617664,all_reduce,1,1
769,5.989,6.072,6.021333333333334,6.003,0.03627977704206885,0,2,37748736,all_reduce,1,1
770,5.995,6.066,6.029,6.026,0.029063149634316315,0,2,37879808,all_reduce,1,1
771,5.997,6.054,6.023333333333333,6.019,0.02347102232304541,0,2,38010880,all_reduce,1,1
772,5.987,6.08,6.040333333333334,6.054,0.039177658032211286,0,2,38141952,all_reduce,1,1
773,6.03,6.113,6.066333333333334,6.056,0.03466346139028188,0,2,38273024,all_reduce,1,1
774,6.041,6.175,6.111000000000001,6.117,0.05486954224947245,0,2,38404096,all_reduce,1,1
775,6.1000000000000005,6.168,6.127,6.113,0.02947315162426063,0,2,38535168,all_reduce,1,1
776,6.112,6.165,6.146000000000001,6.1610000000000005,0.02409702609590382,0,2,38666240,all_reduce,1,1
777,6.149,6.166,6.155666666666668,6.152,0.007408703590297766,0,2,38797312,all_reduce,1,1
778,6.166,6.218,6.196333333333333,6.205,0.022095751225568564,0,2,38928384,all_reduce,1,1
779,6.165,6.173,6.168333333333334,6.167,0.003399346342395222,0,2,39059456,all_reduce,1,1
780,6.181,6.258,6.230666666666667,6.253,0.03517890782209641,0,2,39190528,all_reduce,1,1
781,6.188,6.234,6.209333333333333,6.206,0.018926759422104596,0,2,39321600,all_reduce,1,1
782,6.232,6.274,6.260000000000001,6.274,0.019798989873223243,0,2,39452672,all_reduce,1,1
783,6.2410000000000005,6.313,6.269666666666667,6.255,0.03116978594016228,0,2,39583744,all_reduce,1,1
784,6.218,6.367,6.305,6.33,0.0633456128446688,0,2,39714816,all_reduce,1,1
785,6.274,6.338,6.304666666666667,6.3020000000000005,0.026195843605851345,0,2,39845888,all_reduce,1,1
786,6.307,6.38,6.350666666666666,6.365,0.03147838764754125,0,2,39976960,all_reduce,1,1
787,6.321,6.375,6.355333333333334,6.37,0.02436299561949562,0,2,40108032,all_reduce,1,1
788,6.344,6.415,6.388333333333333,6.406,0.03156298817004198,0,2,40239104,all_reduce,1,1
789,6.367,6.389,6.380333333333333,6.385,0.009568466729604923,0,2,40370176,all_reduce,1,1
790,6.391,6.43,6.404,6.391,0.018384776310850094,0,2,40501248,all_reduce,1,1
791,6.424,6.436,6.428999999999999,6.4270000000000005,0.005099019513592572,0,2,40632320,all_reduce,1,1
792,6.436,6.525,6.4816666666666665,6.484,0.03637153954521173,0,2,40763392,all_reduce,1,1
793,6.441,6.492,6.474666666666667,6.4910000000000005,0.023809428571238293,0,2,40894464,all_reduce,1,1
794,6.469,6.524,6.5,6.507000000000001,0.022992752481307305,0,2,41025536,all_reduce,1,1
795,6.47,6.55,6.503,6.489,0.034127212992957213,0,2,41156608,all_reduce,1,1
796,6.514,6.555,6.535666666666667,6.538,0.016819301082056953,0,2,41287680,all_reduce,1,1
797,6.522,6.549,6.532000000000001,6.525,0.012083045973594614,0,2,41418752,all_reduce,1,1
798,6.562,6.6080000000000005,6.583333333333333,6.58,0.018926759422104648,0,2,41549824,all_reduce,1,1
799,6.556,6.628,6.583333333333333,6.566,0.031846855766656565,0,2,41680896,all_reduce,1,1
800,6.59,6.634,6.6193333333333335,6.634,0.020741798914805622,0,2,41811968,all_reduce,1,1
801,6.596,6.6370000000000005,6.618666666666667,6.623,0.01701633202413377,0,2,41943040,all_reduce,1,1
802,6.659,6.718,6.698333333333333,6.718,0.027812866726670948,0,2,42074112,all_reduce,1,1
803,6.675,6.687,6.68,6.678,0.005099019513592978,0,2,42205184,all_reduce,1,1
804,6.718,6.7940000000000005,6.754666666666666,6.752,0.03108411527166627,0,2,42336256,all_reduce,1,1
805,6.7,6.728,6.718666666666667,6.728,0.01319932658214869,0,2,42467328,all_reduce,1,1
806,6.703,6.819,6.780333333333334,6.819,0.054682924411759516,0,2,42598400,all_reduce,1,1
807,6.743,6.7940000000000005,6.771666666666667,6.7780000000000005,0.02129684379328445,0,2,42729472,all_reduce,1,1
808,6.753,6.84,6.810666666666667,6.839,0.040778534658431384,0,2,42860544,all_reduce,1,1
809,6.792,6.857,6.821666666666666,6.816,0.02683695627716063,0,2,42991616,all_reduce,1,1
810,6.806,6.8950000000000005,6.859333333333333,6.877,0.03842163742245024,0,2,43122688,all_reduce,1,1
811,6.843,6.8740000000000006,6.854666666666667,6.847,0.013767917618709111,0,2,43253760,all_reduce,1,1
812,6.808,6.938,6.890999999999999,6.9270000000000005,0.05886141916966223,0,2,43384832,all_reduce,1,1
813,6.87,6.936,6.894666666666667,6.878,0.029408993333483624,0,2,43515904,all_reduce,1,1
814,6.9110000000000005,6.982,6.958333333333333,6.982,0.033469720976163124,0,2,43646976,all_reduce,1,1
815,6.889,6.965,6.939,6.963,0.03536476589299945,0,2,43778048,all_reduce,1,1
816,6.964,6.992,6.977333333333334,6.976,0.01146976702272334,0,2,43909120,all_reduce,1,1
817,6.925,6.988,6.9606666666666674,6.969,0.026386023236217998,0,2,44040192,all_reduce,1,1
818,6.976,7.055,7.023,7.038,0.03395094500402991,0,2,44171264,all_reduce,1,1
819,6.979,7.064,7.0249999999999995,7.032,0.035052341814302015,0,2,44302336,all_reduce,1,1
820,7.021,7.098,7.0683333333333325,7.086,0.033826353959926364,0,2,44433408,all_reduce,1,1
821,7.05,7.085,7.062,7.051,0.016268579122549896,0,2,44564480,all_reduce,1,1
822,7.0680000000000005,7.12,7.092333333333333,7.089,0.02135935912480089,0,2,44695552,all_reduce,1,1
823,7.109,7.119,7.113666666666667,7.113,0.004109609335312535,0,2,44826624,all_reduce,1,1
824,7.07,7.1530000000000005,7.1193333333333335,7.135,0.03564952859280032,0,2,44957696,all_reduce,1,1
825,7.141,7.176,7.153,7.142,0.0162685791225499,0,2,45088768,all_reduce,1,1
826,7.144,7.206,7.174666666666667,7.174,0.025315783394730146,0,2,45219840,all_reduce,1,1
827,7.158,7.243,7.197666666666667,7.192,0.03493167935015753,0,2,45350912,all_reduce,1,1
828,7.192,7.2540000000000004,7.2313333333333345,7.248,0.027920522121829317,0,2,45481984,all_reduce,1,1
829,7.175,7.228,7.202999999999999,7.206,0.021740898478827108,0,2,45613056,all_reduce,1,1
830,7.234,7.303,7.271666666666666,7.2780000000000005,0.028522895287041893,0,2,45744128,all_reduce,1,1
831,7.2700000000000005,7.29,7.281,7.283,0.008286535263103873,0,2,45875200,all_reduce,1,1
832,7.257000000000001,7.3740000000000006,7.316,7.317,0.047770283649984736,0,2,46006272,all_reduce,1,1
833,7.273000000000001,7.351,7.299,7.273000000000001,0.03676955262170019,0,2,46137344,all_reduce,1,1
834,7.2860000000000005,7.392,7.352666666666667,7.38,0.047394326899136446,0,2,46268416,all_reduce,1,1
835,7.311,7.41,7.352333333333334,7.336,0.04203437746522354,0,2,46399488,all_reduce,1,1
836,7.283,7.442,7.367333333333334,7.377,0.06527037783115866,0,2,46530560,all_reduce,1,1
837,7.357,7.423,7.379666666666666,7.359,0.03065217048686037,0,2,46661632,all_reduce,1,1
838,7.352,7.498,7.438,7.464,0.06237520875048567,0,2,46792704,all_reduce,1,1
839,7.423,7.514,7.457000000000001,7.434,0.04055449009254921,0,2,46923776,all_reduce,1,1
840,7.401,7.515000000000001,7.471333333333334,7.498,0.050215092905973854,0,2,47054848,all_reduce,1,1
841,7.44,7.484,7.467666666666667,7.479,0.019669491322575738,0,2,47185920,all_reduce,1,1
842,7.461,7.519,7.483,7.469,0.025664502073226795,0,2,47316992,all_reduce,1,1
843,7.471,7.562,7.508333333333333,7.492,0.03890444133457725,0,2,47448064,all_reduce,1,1
844,7.4910000000000005,7.589,7.556000000000001,7.588,0.045963753835676364,0,2,47579136,all_reduce,1,1
845,7.5360000000000005,7.554,7.543,7.539000000000001,0.007874007874011695,0,2,47710208,all_reduce,1,1
846,7.523000000000001,7.602,7.57,7.585,0.03395094500402979,0,2,47841280,all_reduce,1,1
847,7.556,7.633,7.5856666666666674,7.5680000000000005,0.03382635395992621,0,2,47972352,all_reduce,1,1
848,7.6000000000000005,7.643,7.6273333333333335,7.639,0.01939644870130128,0,2,48103424,all_reduce,1,1
849,7.601,7.647,7.6193333333333335,7.61,0.01990533150244489,0,2,48234496,all_reduce,1,1
850,7.643,7.716,7.6770000000000005,7.672000000000001,0.030011109054259796,0,2,48365568,all_reduce,1,1
851,7.621,7.702,7.669333333333334,7.6850000000000005,0.03487437773240137,0,2,48496640,all_reduce,1,1
852,7.665,7.722,7.699666666666666,7.712,0.024850665092821134,0,2,48627712,all_reduce,1,1
853,7.6690000000000005,7.785,7.725666666666666,7.723,0.04739432689913646,0,2,48758784,all_reduce,1,1
854,7.74,7.821,7.774333333333334,7.7620000000000005,0.0341987654098147,0,2,48889856,all_reduce,1,1
855,7.714,7.793,7.744000000000001,7.7250000000000005,0.03493804039534353,0,2,49020928,all_reduce,1,1
856,7.759,7.8500000000000005,7.8003333333333345,7.792,0.03761500882478826,0,2,49152000,all_reduce,1,1
857,7.746,7.787,7.771000000000001,7.78,0.017907168024750873,0,2,49283072,all_reduce,1,1
858,7.8,7.865,7.835000000000001,7.84,0.026770630673681833,0,2,49414144,all_reduce,1,1
859,7.807,7.844,7.829666666666667,7.838,0.016213848676020336,0,2,49545216,all_reduce,1,1
860,7.823,7.913,7.880333333333334,7.905,0.040672130780452315,0,2,49676288,all_reduce,1,1
861,7.8260000000000005,7.9270000000000005,7.877666666666667,7.88,0.04126607430915724,0,2,49807360,all_reduce,1,1
862,7.876,7.9430000000000005,7.917666666666666,7.934,0.029691001255524485,0,2,49938432,all_reduce,1,1
863,7.893,7.922000000000001,7.910666666666667,7.917,0.01265789169736526,0,2,50069504,all_reduce,1,1
864,7.917,7.925,7.920000000000001,7.918,0.003559026084010378,0,2,50200576,all_reduce,1,1
865,7.908,7.9430000000000005,7.924,7.921,0.014445299120013702,0,2,50331648,all_reduce,1,1
866,7.98,8.051,8.013666666666667,8.01,0.029101355447622775,0,2,50462720,all_reduce,1,1
867,7.98,8.035,8.007666666666667,8.008000000000001,0.022454893057465605,0,2,50593792,all_reduce,1,1
868,7.9990000000000006,8.074,8.044666666666666,8.061,0.032724438710066035,0,2,50724864,all_reduce,1,1
869,8.011000000000001,8.077,8.038333333333334,8.027000000000001,0.02811089152307687,0,2,50855936,all_reduce,1,1
870,8.069,8.15,8.116666666666667,8.131,0.03458644564308691,0,2,50987008,all_reduce,1,1
871,8.051,8.085,8.063,8.053,0.015577761927397415,0,2,51118080,all_reduce,1,1
872,8.098,8.14,8.119333333333335,8.120000000000001,0.017152907107024738,0,2,51249152,all_reduce,1,1
873,8.097,8.134,8.111666666666666,8.104000000000001,0.01604853748961444,0,2,51380224,all_reduce,1,1
874,8.186,8.223,8.200000000000001,8.191,0.016391054470859232,0,2,51511296,all_reduce,1,1
875,8.143,8.231,8.181333333333333,8.17,0.0368088153692681,0,2,51642368,all_reduce,1,1
876,8.188,8.261000000000001,8.234000000000002,8.253,0.032690467519854584,0,2,51773440,all_reduce,1,1
877,8.165000000000001,8.279,8.218000000000002,8.21,0.046882832678923736,0,2,51904512,all_reduce,1,1
878,8.248,8.305,8.275666666666666,8.274000000000001,0.02329997615640185,0,2,52035584,all_reduce,1,1
879,8.23,8.306000000000001,8.261000000000001,8.247,0.03256787783486494,0,2,52166656,all_reduce,1,1
880,8.218,8.332,8.290333333333335,8.321,0.05134415470355159,0,2,52297728,all_reduce,1,1
881,8.3,8.341,8.316666666666666,8.309000000000001,0.017594190960528163,0,2,52428800,all_reduce,1,1
882,8.290000000000001,8.366,8.327,8.325,0.031059083480789253,0,2,52559872,all_reduce,1,1
883,8.321,8.363,8.344,8.348,0.017378147196982777,0,2,52690944,all_reduce,1,1
884,8.301,8.445,8.384666666666668,8.408,0.06105916984550491,0,2,52822016,all_reduce,1,1
885,8.365,8.455,8.401000000000002,8.383000000000001,0.03888444419044699,0,2,52953088,all_reduce,1,1
886,8.358,8.443,8.414666666666667,8.443,0.04006938426723726,0,2,53084160,all_reduce,1,1
887,8.354000000000001,8.487,8.406333333333334,8.378,0.05787534497137382,0,2,53215232,all_reduce,1,1
888,8.391,8.496,8.46,8.493,0.0488057373676499,0,2,53346304,all_reduce,1,1
889,8.462,8.487,8.472333333333333,8.468,0.010656244908763986,0,2,53477376,all_reduce,1,1
890,8.449,8.562,8.493333333333332,8.469,0.049236391238820586,0,2,53608448,all_reduce,1,1
891,8.478,8.523,8.496333333333332,8.488,0.019293061504650374,0,2,53739520,all_reduce,1,1
892,8.488,8.617,8.565,8.59,0.05555177764932506,0,2,53870592,all_reduce,1,1
893,8.484,8.567,8.526333333333334,8.528,0.03390509630653718,0,2,54001664,all_reduce,1,1
894,8.506,8.635,8.561333333333332,8.543000000000001,0.05423610933276394,0,2,54132736,all_reduce,1,1
895,8.546,8.605,8.567666666666666,8.552,0.02651205176686468,0,2,54263808,all_reduce,1,1
896,8.543000000000001,8.666,8.602333333333334,8.598,0.050307940614667,0,2,54394880,all_reduce,1,1
897,8.606,8.668000000000001,8.632333333333333,8.623,0.02615764175575186,0,2,54525952,all_reduce,1,1
898,8.58,8.696,8.653666666666666,8.685,0.05228341568370945,0,2,54657024,all_reduce,1,1
899,8.619,8.675,8.656333333333334,8.675,0.026398653164298215,0,2,54788096,all_reduce,1,1
900,8.626,8.782,8.696333333333333,8.681000000000001,0.06460306150296265,0,2,54919168,all_reduce,1,1
901,8.641,8.723,8.680333333333333,8.677,0.03355923452974224,0,2,55050240,all_reduce,1,1
902,8.687,8.775,8.738,8.752,0.03726481808176047,0,2,55181312,all_reduce,1,1
903,8.718,8.798,8.758666666666667,8.76,0.03267346867958095,0,2,55312384,all_reduce,1,1
904,8.729000000000001,8.835,8.778333333333334,8.771,0.04358389100981636,0,2,55443456,all_reduce,1,1
905,8.743,8.806000000000001,8.771333333333335,8.765,0.02610661899893528,0,2,55574528,all_reduce,1,1
906,8.81,8.88,8.850666666666667,8.862,0.029679772386069465,0,2,55705600,all_reduce,1,1
907,8.786,8.886000000000001,8.821666666666667,8.793000000000001,0.04558021013066514,0,2,55836672,all_reduce,1,1
908,8.803,8.909,8.870666666666667,8.9,0.04798842453018099,0,2,55967744,all_reduce,1,1
909,8.792,8.948,8.854666666666667,8.824,0.06727720432822887,0,2,56098816,all_reduce,1,1
910,8.889,8.942,8.910333333333334,8.9,0.022837590843947746,0,2,56229888,all_reduce,1,1
911,8.861,8.953,8.905333333333333,8.902000000000001,0.03763272807307732,0,2,56360960,all_reduce,1,1
912,8.891,8.97,8.934333333333333,8.942,0.03270406023042966,0,2,56492032,all_reduce,1,1
913,8.914,8.994,8.952,8.948,0.03278210894171799,0,2,56623104,all_reduce,1,1
914,8.908,8.959,8.937666666666667,8.946,0.021638443156156727,0,2,56754176,all_reduce,1,1
915,8.963000000000001,9.065,9.003666666666666,8.983,0.044131117769160365,0,2,56885248,all_reduce,1,1
916,8.998,9.043000000000001,9.028,9.043000000000001,0.02121320343559723,0,2,57016320,all_reduce,1,1
917,8.978,9.072000000000001,9.021,9.013,0.03879003308411461,0,2,57147392,all_reduce,1,1
918,9.016,9.11,9.068,9.078,0.03902136167109813,0,2,57278464,all_reduce,1,1
919,9.023,9.104000000000001,9.056666666666667,9.043000000000001,0.03445125380721168,0,2,57409536,all_reduce,1,1
920,9.027000000000001,9.132,9.081000000000001,9.084,0.0429185274677493,0,2,57540608,all_reduce,1,1
921,9.079,9.178,9.120333333333335,9.104000000000001,0.042034377465223545,0,2,57671680,all_reduce,1,1
922,9.135,9.203,9.162333333333335,9.149000000000001,0.029318177903061016,0,2,57802752,all_reduce,1,1
923,9.115,9.194,9.157000000000002,9.162,0.032444824959717136,0,2,57933824,all_reduce,1,1
924,9.119,9.197000000000001,9.167000000000002,9.185,0.03429285639896496,0,2,58064896,all_reduce,1,1
925,9.13,9.201,9.166000000000002,9.167,0.028994252303976727,0,2,58195968,all_reduce,1,1
926,9.175,9.232,9.194666666666667,9.177,0.026411277052719995,0,2,58327040,all_reduce,1,1
927,9.200000000000001,9.299,9.240666666666668,9.223,0.042303138838099205,0,2,58458112,all_reduce,1,1
928,9.213000000000001,9.265,9.243666666666668,9.253,0.022231109334043844,0,2,58589184,all_reduce,1,1
929,9.235,9.277000000000001,9.258666666666667,9.264,0.017556258776352137,0,2,58720256,all_reduce,1,1
930,9.323,9.348,9.337666666666665,9.342,0.010656244908763986,0,2,58851328,all_reduce,1,1
931,9.289,9.346,9.315333333333333,9.311,0.02347102232304541,0,2,58982400,all_reduce,1,1
932,9.334,9.429,9.368666666666668,9.343,0.042820036846733044,0,2,59113472,all_reduce,1,1
933,9.347,9.359,9.351666666666667,9.349,0.005249338582674639,0,2,59244544,all_reduce,1,1
934,9.393,9.447000000000001,9.416333333333334,9.409,0.02264705033528416,0,2,59375616,all_reduce,1,1
935,9.39,9.426,9.408666666666667,9.41,0.014727148022916173,0,2,59506688,all_reduce,1,1
936,9.395,9.444,9.421,9.424,0.020116328359486627,0,2,59637760,all_reduce,1,1
937,9.374,9.472,9.414000000000001,9.396,0.04198412398355626,0,2,59768832,all_reduce,1,1
938,9.475,9.53,9.501,9.498,0.02255363976538292,0,2,59899904,all_reduce,1,1
939,9.452,9.544,9.484666666666667,9.458,0.04202644669993216,0,2,60030976,all_reduce,1,1
940,9.512,9.526,9.517,9.513,0.006377042156569472,0,2,60162048,all_reduce,1,1
941,9.479000000000001,9.562,9.515666666666666,9.506,0.03456716489515512,0,2,60293120,all_reduce,1,1
942,9.51,9.618,9.581666666666667,9.617,0.050677630392731085,0,2,60424192,all_reduce,1,1
943,9.573,9.593,9.584333333333333,9.587,0.00837987005998414,0,2,60555264,all_reduce,1,1
944,9.573,9.597,9.582333333333333,9.577,0.010498677165348753,0,2,60686336,all_reduce,1,1
945,9.581,9.646,9.611666666666666,9.608,0.026662499674428797,0,2,60817408,all_reduce,1,1
946,9.614,9.708,9.670000000000002,9.688,0.04043101120014994,0,2,60948480,all_reduce,1,1
947,9.657,9.693,9.676,9.678,0.014764823060233278,0,2,61079552,all_reduce,1,1
948,9.656,9.758000000000001,9.699666666666667,9.685,0.042913349386357255,0,2,61210624,all_reduce,1,1
949,9.642,9.747,9.700666666666667,9.713000000000001,0.04374420596553995,0,2,61341696,all_reduce,1,1
950,9.714,9.814,9.758666666666665,9.748,0.04151572660517397,0,2,61472768,all_reduce,1,1
951,9.658,9.774000000000001,9.722000000000001,9.734,0.048110982807117134,0,2,61603840,all_reduce,1,1
952,9.721,9.85,9.806,9.847,0.06011655346075631,0,2,61734912,all_reduce,1,1
953,9.746,9.851,9.798666666666668,9.799,0.04286671850696727,0,2,61865984,all_reduce,1,1
954,9.752,9.852,9.798666666666668,9.792,0.041096093353126396,0,2,61997056,all_reduce,1,1
955,9.75,9.853,9.803666666666667,9.808,0.042161066821838684,0,2,62128128,all_reduce,1,1
956,9.872,9.924,9.895,9.889,0.02164871050817256,0,2,62259200,all_reduce,1,1
957,9.797,9.938,9.851333333333335,9.819,0.061937244225281914,0,2,62390272,all_reduce,1,1
958,9.867,9.915000000000001,9.896666666666668,9.908,0.021171259344266984,0,2,62521344,all_reduce,1,1
959,9.819,10.026,9.898666666666669,9.851,0.09098107251266863,0,2,62652416,all_reduce,1,1
960,9.9,10.005,9.951,9.948,0.04291852746775005,0,2,62783488,all_reduce,1,1
961,9.874,9.973,9.916333333333334,9.902000000000001,0.04166799997866739,0,2,62914560,all_reduce,1,1
962,9.894,10.046,9.990333333333332,10.031,0.06839265717571982,0,2,63045632,all_reduce,1,1
963,9.969,10.045,9.999333333333333,9.984,0.03286673427984947,0,2,63176704,all_reduce,1,1
964,9.964,10.104000000000001,10.045,10.067,0.05923399924592873,0,2,63307776,all_reduce,1,1
965,9.944,10.074,9.993666666666668,9.963000000000001,0.05733139531608168,0,2,63438848,all_reduce,1,1
966,10.022,10.084,10.058333333333335,10.069,0.02641127705272029,0,2,63569920,all_reduce,1,1
967,9.987,10.102,10.036,10.019,0.048463044339647876,0,2,63700992,all_reduce,1,1
968,10.05,10.127,10.090333333333334,10.094,0.03154185931248957,0,2,63832064,all_reduce,1,1
969,10.062,10.125,10.089333333333332,10.081,0.026386023236217998,0,2,63963136,all_reduce,1,1
970,10.064,10.16,10.103,10.085,0.041206795556072956,0,2,64094208,all_reduce,1,1
971,10.05,10.235,10.119000000000002,10.072000000000001,0.08251464516476187,0,2,64225280,all_reduce,1,1
972,10.15,10.215,10.183000000000002,10.184000000000001,0.026545558322752537,0,2,64356352,all_reduce,1,1
973,10.118,10.226,10.173333333333334,10.176,0.044131117769161184,0,2,64487424,all_reduce,1,1
974,10.195,10.277000000000001,10.234666666666667,10.232000000000001,0.033529423231279144,0,2,64618496,all_reduce,1,1
975,10.185,10.256,10.215666666666666,10.206,0.02978067979225605,0,2,64749568,all_reduce,1,1
976,10.188,10.294,10.242333333333333,10.245000000000001,0.043315380896654,0,2,64880640,all_reduce,1,1
977,10.191,10.302,10.251666666666667,10.262,0.04590085934804325,0,2,65011712,all_reduce,1,1
978,10.284,10.336,10.313,10.319,0.02164871050817256,0,2,65142784,all_reduce,1,1
979,10.224,10.325000000000001,10.274333333333333,10.274000000000001,0.041233751008394215,0,2,65273856,all_reduce,1,1
980,10.302,10.377,10.327333333333334,10.303,0.03512200956032514,0,2,65404928,all_reduce,1,1
981,10.312,10.335,10.324666666666666,10.327,0.009533566430717302,0,2,65536000,all_reduce,1,1
982,10.329,10.370000000000001,10.350666666666667,10.353,0.016819301082057255,0,2,65667072,all_reduce,1,1
983,10.361,10.411,10.379,10.365,0.022686266036230997,0,2,65798144,all_reduce,1,1
984,10.357000000000001,10.452,10.418333333333335,10.446,0.04343833432452076,0,2,65929216,all_reduce,1,1
985,10.33,10.518,10.408333333333333,10.377,0.07988463904628716,0,2,66060288,all_reduce,1,1
986,10.452,10.503,10.473,10.464,0.02177154105707725,0,2,66191360,all_reduce,1,1
987,10.425,10.474,10.455,10.466000000000001,0.02146314670934024,0,2,66322432,all_reduce,1,1
988,10.471,10.536,10.502,10.499,0.026620793877468314,0,2,66453504,all_reduce,1,1
989,10.450000000000001,10.545,10.484666666666667,10.459,0.042820036846732565,0,2,66584576,all_reduce,1,1
990,10.499,10.55,10.522,10.517,0.02111871208194303,0,2,66715648,all_reduce,1,1
991,10.526,10.586,10.557666666666666,10.561,0.024608038433722532,0,2,66846720,all_reduce,1,1
992,10.459,10.653,10.567666666666668,10.591000000000001,0.08090048756891988,0,2,66977792,all_reduce,1,1
993,10.507,10.612,10.549999999999999,10.531,0.04492215489043248,0,2,67108864,all_reduce,1,1
