,time_stats.send_recv.min,time_stats.send_recv.max,time_stats.send_recv.mean,time_stats.send_recv.median,time_stats.send_recv.std,rank,num_workers,size,collective,devices_per_node,max_devices_per_node
0,0.017,0.027,0.02266666666666667,0.024,0.004189935029992178,0,2,2048,send_recv,1,1
1,0.027,0.031,0.029666666666666664,0.031,0.0018856180831641268,0,2,10240,send_recv,1,1
2,0.026000000000000002,0.03,0.028666666666666663,0.03,0.001885618083164125,0,2,18432,send_recv,1,1
3,0.031,0.033,0.032,0.032,0.0008164965809277268,0,2,26624,send_recv,1,1
4,0.035,0.039,0.037666666666666675,0.039,0.0018856180831641253,0,2,34816,send_recv,1,1
5,0.038,0.041,0.039,0.038,0.0014142135623730963,0,2,43008,send_recv,1,1
6,0.035,0.037,0.036000000000000004,0.036000000000000004,0.0008164965809277239,0,2,51200,send_recv,1,1
7,0.039,0.04,0.03966666666666666,0.04,0.00047140452079103207,0,2,59392,send_recv,1,1
8,0.049,0.05,0.04966666666666667,0.05,0.00047140452079103207,0,2,67584,send_recv,1,1
9,0.046,0.048,0.04733333333333334,0.048,0.0009428090415820641,0,2,75776,send_recv,1,1
10,0.047,0.049,0.04800000000000001,0.048,0.0008164965809277268,0,2,83968,send_recv,1,1
11,0.049,0.049,0.04900000000000001,0.049,6.938893903907228e-18,0,2,92160,send_recv,1,1
12,0.056,0.056,0.056,0.056,0.0,0,2,100352,send_recv,1,1
13,0.056,0.058,0.05666666666666667,0.056,0.0009428090415820641,0,2,108544,send_recv,1,1
14,0.057,0.058,0.05733333333333334,0.057,0.00047140452079103207,0,2,116736,send_recv,1,1
15,0.055,0.06,0.057666666666666665,0.058,0.0020548046676563247,0,2,124928,send_recv,1,1
16,0.05,0.052000000000000005,0.05100000000000001,0.051000000000000004,0.0008164965809277268,0,2,133120,send_recv,1,1
17,0.051000000000000004,0.053,0.052,0.052000000000000005,0.0008164965809277239,0,2,141312,send_recv,1,1
18,0.053,0.054,0.05366666666666667,0.054,0.00047140452079103207,0,2,149504,send_recv,1,1
19,0.056,0.057,0.05633333333333334,0.056,0.00047140452079103207,0,2,157696,send_recv,1,1
20,0.056,0.059000000000000004,0.05733333333333334,0.057,0.0012472191289246482,0,2,165888,send_recv,1,1
21,0.057,0.058,0.05733333333333334,0.057,0.00047140452079103207,0,2,174080,send_recv,1,1
22,0.057,0.06,0.058666666666666666,0.059000000000000004,0.0012472191289246456,0,2,182272,send_recv,1,1
23,0.06,0.06,0.06,0.06,0.0,0,2,190464,send_recv,1,1
24,0.065,0.068,0.06633333333333334,0.066,0.0012472191289246482,0,2,198656,send_recv,1,1
25,0.064,0.066,0.065,0.065,0.0008164965809277268,0,2,206848,send_recv,1,1
26,0.063,0.066,0.065,0.066,0.0014142135623730965,0,2,215040,send_recv,1,1
27,0.067,0.067,0.067,0.067,0.0,0,2,223232,send_recv,1,1
28,0.074,0.075,0.07433333333333332,0.074,0.00047140452079103207,0,2,231424,send_recv,1,1
29,0.07200000000000001,0.074,0.073,0.073,0.0008164965809277211,0,2,239616,send_recv,1,1
30,0.074,0.076,0.075,0.075,0.0008164965809277268,0,2,247808,send_recv,1,1
31,0.074,0.076,0.07466666666666666,0.074,0.0009428090415820641,0,2,256000,send_recv,1,1
32,0.074,0.075,0.07433333333333332,0.074,0.00047140452079103207,0,2,264192,send_recv,1,1
33,0.073,0.076,0.07433333333333332,0.074,0.0012472191289246482,0,2,272384,send_recv,1,1
34,0.07200000000000001,0.076,0.07433333333333335,0.075,0.0016996731711975902,0,2,280576,send_recv,1,1
35,0.075,0.077,0.07633333333333332,0.077,0.0009428090415820641,0,2,288768,send_recv,1,1
36,0.081,0.083,0.08233333333333333,0.083,0.0009428090415820641,0,2,296960,send_recv,1,1
37,0.079,0.083,0.08166666666666667,0.083,0.0018856180831641283,0,2,305152,send_recv,1,1
38,0.083,0.084,0.08366666666666667,0.084,0.00047140452079103207,0,2,313344,send_recv,1,1
39,0.083,0.08700000000000001,0.08533333333333333,0.08600000000000001,0.0016996731711975965,0,2,321536,send_recv,1,1
40,0.085,0.08700000000000001,0.08600000000000001,0.08600000000000001,0.0008164965809277268,0,2,329728,send_recv,1,1
41,0.082,0.088,0.08566666666666667,0.08700000000000001,0.0026246692913372686,0,2,337920,send_recv,1,1
42,0.085,0.088,0.08700000000000001,0.088,0.0014142135623730898,0,2,346112,send_recv,1,1
43,0.08700000000000001,0.089,0.08800000000000001,0.088,0.0008164965809277211,0,2,354304,send_recv,1,1
44,0.088,0.092,0.09033333333333333,0.091,0.0016996731711975965,0,2,362496,send_recv,1,1
45,0.091,0.093,0.09200000000000001,0.092,0.0008164965809277268,0,2,370688,send_recv,1,1
46,0.091,0.095,0.09300000000000001,0.093,0.0016329931618554536,0,2,378880,send_recv,1,1
47,0.095,0.095,0.09500000000000001,0.095,1.3877787807814457e-17,0,2,387072,send_recv,1,1
48,0.097,0.099,0.09800000000000002,0.098,0.0008164965809277268,0,2,395264,send_recv,1,1
49,0.096,0.098,0.09666666666666668,0.096,0.0009428090415820641,0,2,403456,send_recv,1,1
50,0.097,0.099,0.09833333333333334,0.099,0.0009428090415820641,0,2,411648,send_recv,1,1
51,0.1,0.101,0.10066666666666668,0.101,0.00047140452079103207,0,2,419840,send_recv,1,1
52,0.10200000000000001,0.10300000000000001,0.10266666666666668,0.10300000000000001,0.00047140452079103207,0,2,428032,send_recv,1,1
53,0.099,0.107,0.10266666666666668,0.10200000000000001,0.0032998316455372183,0,2,436224,send_recv,1,1
54,0.101,0.106,0.10300000000000002,0.10200000000000001,0.0021602468994692823,0,2,444416,send_recv,1,1
55,0.101,0.108,0.10533333333333333,0.107,0.003091206165165231,0,2,452608,send_recv,1,1
56,0.107,0.11,0.10866666666666668,0.109,0.0012472191289246482,0,2,460800,send_recv,1,1
57,0.107,0.108,0.10766666666666667,0.108,0.00047140452079103207,0,2,468992,send_recv,1,1
58,0.11,0.112,0.111,0.111,0.0008164965809277268,0,2,477184,send_recv,1,1
59,0.11,0.112,0.11133333333333334,0.112,0.0009428090415820641,0,2,485376,send_recv,1,1
60,0.112,0.114,0.113,0.113,0.0008164965809277268,0,2,493568,send_recv,1,1
61,0.114,0.116,0.11466666666666668,0.114,0.0009428090415820641,0,2,501760,send_recv,1,1
62,0.115,0.117,0.116,0.116,0.0008164965809277268,0,2,509952,send_recv,1,1
63,0.117,0.117,0.117,0.117,0.0,0,2,518144,send_recv,1,1
64,0.11900000000000001,0.12,0.11966666666666666,0.12,0.00047140452079102557,0,2,526336,send_recv,1,1
65,0.11900000000000001,0.123,0.12133333333333333,0.122,0.00169967317119759,0,2,534528,send_recv,1,1
66,0.121,0.122,0.12166666666666666,0.122,0.00047140452079103207,0,2,542720,send_recv,1,1
67,0.121,0.123,0.12233333333333334,0.123,0.0009428090415820641,0,2,550912,send_recv,1,1
68,0.124,0.126,0.125,0.125,0.0008164965809277268,0,2,559104,send_recv,1,1
69,0.124,0.126,0.12533333333333332,0.126,0.0009428090415820641,0,2,567296,send_recv,1,1
70,0.127,0.128,0.12766666666666668,0.128,0.00047140452079103207,0,2,575488,send_recv,1,1
71,0.128,0.129,0.12833333333333333,0.128,0.00047140452079103207,0,2,583680,send_recv,1,1
72,0.127,0.134,0.131,0.132,0.0029439202887759515,0,2,591872,send_recv,1,1
73,0.129,0.132,0.13033333333333333,0.13,0.0012472191289246482,0,2,600064,send_recv,1,1
74,0.133,0.134,0.13366666666666668,0.134,0.00047140452079103207,0,2,608256,send_recv,1,1
75,0.132,0.135,0.13333333333333333,0.133,0.0012472191289246482,0,2,616448,send_recv,1,1
76,0.136,0.137,0.13633333333333333,0.136,0.00047140452079103207,0,2,624640,send_recv,1,1
77,0.135,0.139,0.13733333333333334,0.138,0.0016996731711975965,0,2,632832,send_recv,1,1
78,0.139,0.14,0.1396666666666667,0.14,0.00047140452079103207,0,2,641024,send_recv,1,1
79,0.138,0.14100000000000001,0.1396666666666667,0.14,0.0012472191289246482,0,2,649216,send_recv,1,1
80,0.14100000000000001,0.14200000000000002,0.14133333333333334,0.14100000000000001,0.00047140452079103207,0,2,657408,send_recv,1,1
81,0.14200000000000002,0.14300000000000002,0.14233333333333334,0.14200000000000002,0.00047140452079103207,0,2,665600,send_recv,1,1
82,0.14300000000000002,0.146,0.14466666666666667,0.145,0.0012472191289246359,0,2,673792,send_recv,1,1
83,0.14300000000000002,0.147,0.14533333333333334,0.146,0.0016996731711975837,0,2,681984,send_recv,1,1
84,0.149,0.15,0.14933333333333332,0.149,0.00047140452079103207,0,2,690176,send_recv,1,1
85,0.147,0.15,0.14833333333333332,0.148,0.0012472191289246482,0,2,698368,send_recv,1,1
86,0.15,0.151,0.15033333333333332,0.15,0.00047140452079103207,0,2,706560,send_recv,1,1
87,0.15,0.151,0.15066666666666664,0.151,0.00047140452079103207,0,2,714752,send_recv,1,1
88,0.148,0.15,0.149,0.149,0.0008164965809277268,0,2,722944,send_recv,1,1
89,0.154,0.156,0.15466666666666665,0.154,0.0009428090415820641,0,2,731136,send_recv,1,1
90,0.151,0.156,0.153,0.152,0.0021602468994692888,0,2,739328,send_recv,1,1
91,0.158,0.161,0.15933333333333333,0.159,0.0012472191289246482,0,2,747520,send_recv,1,1
92,0.158,0.16,0.15866666666666665,0.158,0.0009428090415820641,0,2,755712,send_recv,1,1
93,0.158,0.161,0.15933333333333333,0.159,0.0012472191289246482,0,2,763904,send_recv,1,1
94,0.159,0.163,0.16133333333333333,0.162,0.0016996731711975965,0,2,772096,send_recv,1,1
95,0.16,0.163,0.162,0.163,0.0014142135623730965,0,2,780288,send_recv,1,1
96,0.165,0.166,0.16533333333333333,0.165,0.00047140452079103207,0,2,788480,send_recv,1,1
97,0.166,0.167,0.16666666666666666,0.167,0.00047140452079103207,0,2,796672,send_recv,1,1
98,0.167,0.17,0.16866666666666666,0.169,0.0012472191289246482,0,2,804864,send_recv,1,1
99,0.166,0.169,0.16733333333333333,0.167,0.0012472191289246482,0,2,813056,send_recv,1,1
100,0.168,0.17,0.16933333333333334,0.17,0.0009428090415820641,0,2,821248,send_recv,1,1
101,0.17,0.171,0.17033333333333334,0.17,0.00047140452079103207,0,2,829440,send_recv,1,1
102,0.17200000000000001,0.17400000000000002,0.17333333333333334,0.17400000000000002,0.0009428090415820641,0,2,837632,send_recv,1,1
103,0.17300000000000001,0.17300000000000001,0.17300000000000001,0.17300000000000001,0.0,0,2,845824,send_recv,1,1
104,0.176,0.176,0.17600000000000002,0.176,2.7755575615628914e-17,0,2,854016,send_recv,1,1
105,0.176,0.179,0.17800000000000002,0.179,0.0014142135623730961,0,2,862208,send_recv,1,1
106,0.177,0.179,0.17833333333333332,0.179,0.0009428090415820641,0,2,870400,send_recv,1,1
107,0.181,0.183,0.18233333333333332,0.183,0.0009428090415820641,0,2,878592,send_recv,1,1
108,0.179,0.182,0.18099999999999997,0.182,0.0014142135623730963,0,2,886784,send_recv,1,1
109,0.18,0.185,0.18200000000000002,0.181,0.0021602468994692888,0,2,894976,send_recv,1,1
110,0.183,0.187,0.18433333333333332,0.183,0.0018856180831641283,0,2,903168,send_recv,1,1
111,0.183,0.186,0.18433333333333332,0.184,0.0012472191289246482,0,2,911360,send_recv,1,1
112,0.184,0.187,0.18566666666666665,0.186,0.0012472191289246482,0,2,919552,send_recv,1,1
113,0.187,0.19,0.18866666666666668,0.189,0.0012472191289246482,0,2,927744,send_recv,1,1
114,0.191,0.191,0.19099999999999998,0.191,2.7755575615628914e-17,0,2,935936,send_recv,1,1
115,0.192,0.194,0.19333333333333336,0.194,0.0009428090415820641,0,2,944128,send_recv,1,1
116,0.191,0.195,0.19299999999999998,0.193,0.0016329931618554536,0,2,952320,send_recv,1,1
117,0.192,0.193,0.19266666666666668,0.193,0.00047140452079103207,0,2,960512,send_recv,1,1
118,0.194,0.196,0.19533333333333336,0.196,0.0009428090415820641,0,2,968704,send_recv,1,1
119,0.193,0.196,0.19433333333333333,0.194,0.0012472191289246482,0,2,976896,send_recv,1,1
120,0.194,0.198,0.19633333333333333,0.197,0.0016996731711975963,0,2,985088,send_recv,1,1
121,0.197,0.199,0.19833333333333333,0.199,0.0009428090415820641,0,2,993280,send_recv,1,1
122,0.195,0.202,0.19933333333333336,0.201,0.0030912061651652374,0,2,1001472,send_recv,1,1
123,0.197,0.202,0.19933333333333336,0.199,0.0020548046676563273,0,2,1009664,send_recv,1,1
124,0.195,0.20600000000000002,0.20099999999999998,0.202,0.004546060565661956,0,2,1017856,send_recv,1,1
125,0.2,0.202,0.20133333333333336,0.202,0.0009428090415820641,0,2,1026048,send_recv,1,1
126,0.198,0.202,0.20000000000000004,0.2,0.0016329931618554536,0,2,1034240,send_recv,1,1
127,0.201,0.20600000000000002,0.20333333333333337,0.203,0.0020548046676563273,0,2,1042432,send_recv,1,1
128,0.198,0.20600000000000002,0.20200000000000004,0.202,0.0032659863237109073,0,2,1048576,send_recv,1,1
129,0.20400000000000001,0.20700000000000002,0.20533333333333337,0.20500000000000002,0.0012472191289246482,0,2,1081344,send_recv,1,1
130,0.20800000000000002,0.21,0.209,0.209,0.0008164965809277153,0,2,1114112,send_recv,1,1
131,0.215,0.218,0.21666666666666667,0.217,0.0012472191289246482,0,2,1146880,send_recv,1,1
132,0.22,0.222,0.221,0.221,0.0008164965809277268,0,2,1179648,send_recv,1,1
133,0.227,0.228,0.22733333333333336,0.227,0.00047140452079103207,0,2,1212416,send_recv,1,1
134,0.23,0.234,0.2316666666666667,0.231,0.0016996731711975965,0,2,1245184,send_recv,1,1
135,0.23800000000000002,0.241,0.23966666666666667,0.24,0.0012472191289246359,0,2,1277952,send_recv,1,1
136,0.242,0.245,0.24333333333333332,0.243,0.0012472191289246482,0,2,1310720,send_recv,1,1
137,0.244,0.25,0.24733333333333332,0.248,0.0024944382578492965,0,2,1343488,send_recv,1,1
138,0.251,0.255,0.25233333333333335,0.251,0.0018856180831641283,0,2,1376256,send_recv,1,1
139,0.259,0.26,0.25933333333333336,0.259,0.00047140452079103207,0,2,1409024,send_recv,1,1
140,0.262,0.269,0.265,0.264,0.0029439202887759515,0,2,1441792,send_recv,1,1
141,0.272,0.274,0.27266666666666667,0.272,0.0009428090415820641,0,2,1474560,send_recv,1,1
142,0.273,0.276,0.275,0.276,0.0014142135623730965,0,2,1507328,send_recv,1,1
143,0.28,0.28200000000000003,0.281,0.281,0.0008164965809277268,0,2,1540096,send_recv,1,1
144,0.28500000000000003,0.28800000000000003,0.2863333333333334,0.28600000000000003,0.0012472191289246482,0,2,1572864,send_recv,1,1
145,0.293,0.294,0.2936666666666667,0.294,0.00047140452079103207,0,2,1605632,send_recv,1,1
146,0.297,0.3,0.29833333333333334,0.298,0.0012472191289246482,0,2,1638400,send_recv,1,1
147,0.305,0.307,0.30633333333333335,0.307,0.0009428090415820641,0,2,1671168,send_recv,1,1
148,0.307,0.31,0.309,0.31,0.0014142135623730965,0,2,1703936,send_recv,1,1
149,0.314,0.316,0.31466666666666665,0.314,0.0009428090415820641,0,2,1736704,send_recv,1,1
150,0.322,0.324,0.323,0.323,0.0008164965809277268,0,2,1769472,send_recv,1,1
151,0.325,0.328,0.32666666666666666,0.327,0.0012472191289246482,0,2,1802240,send_recv,1,1
152,0.332,0.333,0.33233333333333337,0.332,0.00047140452079103207,0,2,1835008,send_recv,1,1
153,0.338,0.34,0.33866666666666667,0.338,0.0009428090415820641,0,2,1867776,send_recv,1,1
154,0.34,0.343,0.34166666666666673,0.342,0.0012472191289246482,0,2,1900544,send_recv,1,1
155,0.34800000000000003,0.352,0.35033333333333333,0.35100000000000003,0.0016996731711975783,0,2,1933312,send_recv,1,1
156,0.355,0.356,0.35566666666666663,0.356,0.00047140452079103207,0,2,1966080,send_recv,1,1
157,0.336,0.341,0.338,0.337,0.0021602468994692888,0,2,1998848,send_recv,1,1
158,0.343,0.34600000000000003,0.3443333333333334,0.34400000000000003,0.0012472191289246482,0,2,2031616,send_recv,1,1
159,0.352,0.353,0.35266666666666663,0.353,0.00047140452079103207,0,2,2064384,send_recv,1,1
160,0.34700000000000003,0.35100000000000003,0.34900000000000003,0.34900000000000003,0.0016329931618554536,0,2,2097152,send_recv,1,1
161,0.36,0.361,0.36033333333333334,0.36,0.00047140452079103207,0,2,2129920,send_recv,1,1
162,0.36,0.363,0.36166666666666664,0.362,0.0012472191289246482,0,2,2162688,send_recv,1,1
163,0.37,0.372,0.371,0.371,0.0008164965809277268,0,2,2195456,send_recv,1,1
164,0.372,0.375,0.373,0.372,0.0014142135623730963,0,2,2228224,send_recv,1,1
165,0.375,0.378,0.37633333333333335,0.376,0.0012472191289246482,0,2,2260992,send_recv,1,1
166,0.377,0.383,0.38033333333333336,0.381,0.0024944382578492965,0,2,2293760,send_recv,1,1
167,0.385,0.39,0.38766666666666666,0.388,0.0020548046676563273,0,2,2326528,send_recv,1,1
168,0.387,0.4,0.3913333333333333,0.387,0.006128258770283417,0,2,2359296,send_recv,1,1
169,0.396,0.398,0.39733333333333337,0.398,0.0009428090415820641,0,2,2392064,send_recv,1,1
170,0.402,0.405,0.403,0.402,0.0014142135623730965,0,2,2424832,send_recv,1,1
171,0.41000000000000003,0.41100000000000003,0.4103333333333334,0.41000000000000003,0.00047140452079103207,0,2,2457600,send_recv,1,1
172,0.41100000000000003,0.41300000000000003,0.4120000000000001,0.41200000000000003,0.0008164965809277268,0,2,2490368,send_recv,1,1
173,0.41400000000000003,0.42,0.4176666666666667,0.419,0.002624669291337247,0,2,2523136,send_recv,1,1
174,0.421,0.425,0.4223333333333333,0.421,0.0018856180831641283,0,2,2555904,send_recv,1,1
175,0.426,0.43,0.428,0.428,0.0016329931618554536,0,2,2588672,send_recv,1,1
176,0.431,0.433,0.432,0.432,0.0008164965809277268,0,2,2621440,send_recv,1,1
177,0.436,0.441,0.439,0.44,0.0021602468994692888,0,2,2654208,send_recv,1,1
178,0.445,0.446,0.44566666666666666,0.446,0.00047140452079103207,0,2,2686976,send_recv,1,1
179,0.441,0.453,0.4486666666666667,0.452,0.005436502143433369,0,2,2719744,send_recv,1,1
180,0.455,0.457,0.4563333333333333,0.457,0.0009428090415820641,0,2,2752512,send_recv,1,1
181,0.452,0.46,0.457,0.459,0.0035590260840104404,0,2,2785280,send_recv,1,1
182,0.457,0.462,0.4603333333333333,0.462,0.0023570226039551605,0,2,2818048,send_recv,1,1
183,0.464,0.468,0.466,0.466,0.0016329931618554536,0,2,2850816,send_recv,1,1
184,0.46900000000000003,0.47100000000000003,0.47000000000000003,0.47000000000000003,0.0008164965809277268,0,2,2883584,send_recv,1,1
185,0.47700000000000004,0.48,0.47866666666666674,0.47900000000000004,0.0012472191289246283,0,2,2916352,send_recv,1,1
186,0.47900000000000004,0.485,0.48233333333333334,0.483,0.0024944382578492717,0,2,2949120,send_recv,1,1
187,0.491,0.494,0.49266666666666664,0.493,0.0012472191289246482,0,2,2981888,send_recv,1,1
188,0.495,0.5,0.49766666666666665,0.498,0.0020548046676563273,0,2,3014656,send_recv,1,1
189,0.496,0.5,0.49833333333333335,0.499,0.0016996731711975965,0,2,3047424,send_recv,1,1
190,0.503,0.507,0.5053333333333333,0.506,0.0016996731711975963,0,2,3080192,send_recv,1,1
191,0.506,0.512,0.5093333333333333,0.51,0.0024944382578492965,0,2,3112960,send_recv,1,1
192,0.516,0.521,0.5186666666666667,0.519,0.0020548046676563273,0,2,3145728,send_recv,1,1
193,0.519,0.528,0.5233333333333333,0.523,0.0036817870057290905,0,2,3178496,send_recv,1,1
194,0.525,0.528,0.5263333333333333,0.526,0.0012472191289246482,0,2,3211264,send_recv,1,1
195,0.531,0.535,0.5336666666666666,0.535,0.0018856180831641283,0,2,3244032,send_recv,1,1
196,0.542,0.544,0.543,0.543,0.0008164965809277268,0,2,3276800,send_recv,1,1
197,0.543,0.544,0.5436666666666667,0.544,0.00047140452079103207,0,2,3309568,send_recv,1,1
198,0.543,0.548,0.5453333333333333,0.545,0.0020548046676563273,0,2,3342336,send_recv,1,1
199,0.55,0.554,0.5526666666666668,0.554,0.0018856180831641283,0,2,3375104,send_recv,1,1
200,0.555,0.555,0.555,0.555,0.0,0,2,3407872,send_recv,1,1
201,0.5630000000000001,0.5710000000000001,0.5660000000000002,0.5640000000000001,0.0035590260840104404,0,2,3440640,send_recv,1,1
202,0.5680000000000001,0.5720000000000001,0.5703333333333335,0.5710000000000001,0.0016996731711975965,0,2,3473408,send_recv,1,1
203,0.5670000000000001,0.577,0.5723333333333334,0.5730000000000001,0.004109609335312613,0,2,3506176,send_recv,1,1
204,0.5730000000000001,0.58,0.5773333333333333,0.579,0.0030912061651651853,0,2,3538944,send_recv,1,1
205,0.581,0.585,0.5826666666666666,0.582,0.0016996731711975965,0,2,3571712,send_recv,1,1
206,0.582,0.589,0.5846666666666667,0.583,0.0030912061651652374,0,2,3604480,send_recv,1,1
207,0.587,0.595,0.592,0.594,0.0035590260840104404,0,2,3637248,send_recv,1,1
208,0.597,0.603,0.5996666666666667,0.599,0.0024944382578492965,0,2,3670016,send_recv,1,1
209,0.602,0.611,0.6063333333333333,0.606,0.0036817870057290905,0,2,3702784,send_recv,1,1
210,0.612,0.614,0.6133333333333333,0.614,0.0009428090415820641,0,2,3735552,send_recv,1,1
211,0.61,0.619,0.6153333333333334,0.617,0.0038586123009300786,0,2,3768320,send_recv,1,1
212,0.619,0.622,0.621,0.622,0.0014142135623730965,0,2,3801088,send_recv,1,1
213,0.619,0.63,0.6233333333333334,0.621,0.004784233364802446,0,2,3833856,send_recv,1,1
214,0.629,0.631,0.63,0.63,0.0008164965809277268,0,2,3866624,send_recv,1,1
215,0.632,0.639,0.635,0.634,0.0029439202887759515,0,2,3899392,send_recv,1,1
216,0.641,0.643,0.6416666666666667,0.641,0.0009428090415820641,0,2,3932160,send_recv,1,1
217,0.648,0.653,0.6496666666666667,0.648,0.0023570226039551605,0,2,3964928,send_recv,1,1
218,0.651,0.663,0.6556666666666667,0.653,0.005249338582674546,0,2,3997696,send_recv,1,1
219,0.662,0.663,0.6623333333333333,0.662,0.00047140452079103207,0,2,4030464,send_recv,1,1
220,0.661,0.668,0.6653333333333333,0.667,0.0030912061651652374,0,2,4063232,send_recv,1,1
221,0.669,0.674,0.6713333333333334,0.671,0.0020548046676563273,0,2,4096000,send_recv,1,1
222,0.669,0.675,0.6726666666666666,0.674,0.002624669291337273,0,2,4128768,send_recv,1,1
223,0.675,0.676,0.6753333333333332,0.675,0.00047140452079103207,0,2,4161536,send_recv,1,1
224,0.684,0.686,0.685,0.685,0.0008164965809277268,0,2,4194304,send_recv,1,1
225,0.6910000000000001,0.6940000000000001,0.6930000000000001,0.6940000000000001,0.0014142135623730965,0,2,4227072,send_recv,1,1
226,0.6940000000000001,0.7020000000000001,0.6966666666666668,0.6940000000000001,0.0037712361663282566,0,2,4259840,send_recv,1,1
227,0.6980000000000001,0.706,0.7013333333333334,0.7000000000000001,0.003399346342395142,0,2,4292608,send_recv,1,1
228,0.704,0.71,0.7076666666666666,0.709,0.0026246692913372725,0,2,4325376,send_recv,1,1
229,0.707,0.71,0.709,0.71,0.0014142135623730963,0,2,4358144,send_recv,1,1
230,0.71,0.716,0.7130000000000001,0.713,0.00244948974278318,0,2,4390912,send_recv,1,1
231,0.717,0.726,0.7203333333333334,0.718,0.004027681991198194,0,2,4423680,send_recv,1,1
232,0.724,0.731,0.7266666666666666,0.725,0.0030912061651652374,0,2,4456448,send_recv,1,1
233,0.73,0.739,0.7336666666666666,0.732,0.0038586123009300786,0,2,4489216,send_recv,1,1
234,0.734,0.738,0.7366666666666667,0.738,0.0018856180831641283,0,2,4521984,send_recv,1,1
235,0.742,0.747,0.7436666666666666,0.742,0.0023570226039551605,0,2,4554752,send_recv,1,1
236,0.744,0.75,0.747,0.747,0.00244948974278318,0,2,4587520,send_recv,1,1
237,0.746,0.76,0.753,0.753,0.005715476066494087,0,2,4620288,send_recv,1,1
238,0.747,0.756,0.751,0.75,0.0037416573867739447,0,2,4653056,send_recv,1,1
239,0.754,0.762,0.759,0.761,0.0035590260840104404,0,2,4685824,send_recv,1,1
240,0.764,0.769,0.767,0.768,0.0021602468994692888,0,2,4718592,send_recv,1,1
241,0.776,0.783,0.7783333333333333,0.776,0.003299831645537225,0,2,4751360,send_recv,1,1
242,0.782,0.784,0.783,0.783,0.0008164965809277268,0,2,4784128,send_recv,1,1
243,0.783,0.789,0.7856666666666667,0.785,0.0024944382578492965,0,2,4816896,send_recv,1,1
244,0.782,0.796,0.7883333333333334,0.787,0.005792715732327594,0,2,4849664,send_recv,1,1
245,0.789,0.795,0.7926666666666667,0.794,0.002624669291337273,0,2,4882432,send_recv,1,1
246,0.797,0.799,0.7983333333333333,0.799,0.0009428090415820641,0,2,4915200,send_recv,1,1
247,0.798,0.805,0.8016666666666667,0.802,0.002867441755680878,0,2,4947968,send_recv,1,1
248,0.801,0.8130000000000001,0.8083333333333335,0.811,0.005249338582674546,0,2,4980736,send_recv,1,1
249,0.8170000000000001,0.8180000000000001,0.8173333333333335,0.8170000000000001,0.00047140452079103207,0,2,5013504,send_recv,1,1
250,0.8150000000000001,0.8220000000000001,0.8190000000000001,0.8200000000000001,0.0029439202887759515,0,2,5046272,send_recv,1,1
251,0.8250000000000001,0.8270000000000001,0.8260000000000001,0.8260000000000001,0.0008164965809277268,0,2,5079040,send_recv,1,1
252,0.8290000000000001,0.833,0.8303333333333334,0.8290000000000001,0.001885618083164076,0,2,5111808,send_recv,1,1
253,0.835,0.839,0.8366666666666666,0.836,0.0016996731711975965,0,2,5144576,send_recv,1,1
254,0.837,0.842,0.8396666666666666,0.84,0.0020548046676563273,0,2,5177344,send_recv,1,1
255,0.837,0.848,0.8406666666666666,0.837,0.005185449728701353,0,2,5210112,send_recv,1,1
256,0.849,0.853,0.8506666666666666,0.85,0.0016996731711975965,0,2,5242880,send_recv,1,1
257,0.851,0.86,0.856,0.857,0.0037416573867739447,0,2,5275648,send_recv,1,1
258,0.859,0.864,0.862,0.863,0.0021602468994692888,0,2,5308416,send_recv,1,1
259,0.862,0.873,0.8683333333333333,0.87,0.004642796092394711,0,2,5341184,send_recv,1,1
260,0.867,0.879,0.874,0.876,0.00509901951359279,0,2,5373952,send_recv,1,1
261,0.87,0.879,0.8746666666666667,0.875,0.0036817870057290905,0,2,5406720,send_recv,1,1
262,0.877,0.883,0.8793333333333333,0.878,0.002624669291337273,0,2,5439488,send_recv,1,1
263,0.882,0.887,0.8836666666666667,0.882,0.0023570226039551605,0,2,5472256,send_recv,1,1
264,0.878,0.897,0.8873333333333333,0.887,0.007760297817881884,0,2,5505024,send_recv,1,1
265,0.89,0.9,0.8953333333333333,0.896,0.0041096093353126546,0,2,5537792,send_recv,1,1
266,0.901,0.913,0.9066666666666667,0.906,0.004921607686744471,0,2,5570560,send_recv,1,1
267,0.903,0.905,0.9043333333333333,0.905,0.0009428090415820641,0,2,5603328,send_recv,1,1
268,0.91,0.912,0.911,0.911,0.0008164965809277268,0,2,5636096,send_recv,1,1
269,0.913,0.922,0.9170000000000001,0.916,0.0037416573867739447,0,2,5668864,send_recv,1,1
270,0.918,0.923,0.9206666666666669,0.921,0.0020548046676563273,0,2,5701632,send_recv,1,1
271,0.921,0.932,0.9260000000000002,0.925,0.004546060565661956,0,2,5734400,send_recv,1,1
272,0.927,0.929,0.9279999999999999,0.928,0.0008164965809277268,0,2,5767168,send_recv,1,1
273,0.937,0.9450000000000001,0.9423333333333334,0.9450000000000001,0.0037712361663282566,0,2,5799936,send_recv,1,1
274,0.9410000000000001,0.9550000000000001,0.9500000000000001,0.9540000000000001,0.006377042156569669,0,2,5832704,send_recv,1,1
275,0.9500000000000001,0.9520000000000001,0.9506666666666668,0.9500000000000001,0.0009428090415820641,0,2,5865472,send_recv,1,1
276,0.9520000000000001,0.961,0.9553333333333334,0.9530000000000001,0.004027681991198142,0,2,5898240,send_recv,1,1
277,0.9550000000000001,0.966,0.9613333333333333,0.963,0.00464279609239466,0,2,5931008,send_recv,1,1
278,0.968,0.969,0.9683333333333333,0.968,0.00047140452079103207,0,2,5963776,send_recv,1,1
279,0.966,0.976,0.9703333333333334,0.969,0.004189935029992182,0,2,5996544,send_recv,1,1
280,0.967,0.974,0.9696666666666666,0.968,0.0030912061651652374,0,2,6029312,send_recv,1,1
281,0.979,0.992,0.9846666666666667,0.983,0.005436502143433369,0,2,6062080,send_recv,1,1
282,0.985,0.992,0.989,0.99,0.0029439202887759515,0,2,6094848,send_recv,1,1
283,0.994,0.997,0.996,0.997,0.0014142135623730963,0,2,6127616,send_recv,1,1
284,0.997,1.0030000000000001,1.0010000000000001,1.0030000000000001,0.002828427124746245,0,2,6160384,send_recv,1,1
285,0.995,1.0170000000000001,1.0040000000000002,1.0,0.009416297927883748,0,2,6193152,send_recv,1,1
286,1.0070000000000001,1.0130000000000001,1.0103333333333335,1.0110000000000001,0.0024944382578492965,0,2,6225920,send_recv,1,1
287,1.0130000000000001,1.016,1.0146666666666668,1.0150000000000001,0.0012472191289246088,0,2,6258688,send_recv,1,1
288,1.01,1.024,1.0183333333333333,1.0210000000000001,0.006018490028422618,0,2,6291456,send_recv,1,1
289,1.02,1.029,1.0236666666666667,1.022,0.003858612300930028,0,2,6324224,send_recv,1,1
290,1.024,1.026,1.0253333333333332,1.026,0.0009428090415820641,0,2,6356992,send_recv,1,1
291,1.029,1.039,1.0353333333333332,1.038,0.004496912521077374,0,2,6389760,send_recv,1,1
292,1.041,1.053,1.0476666666666665,1.049,0.004988876515698593,0,2,6422528,send_recv,1,1
293,1.041,1.047,1.0433333333333332,1.042,0.002624669291337254,0,2,6455296,send_recv,1,1
294,1.043,1.047,1.045,1.045,0.0016329931618554536,0,2,6488064,send_recv,1,1
295,1.039,1.048,1.045,1.048,0.004242640687119341,0,2,6520832,send_recv,1,1
296,1.056,1.059,1.058,1.059,0.0014142135623730439,0,2,6553600,send_recv,1,1
297,1.063,1.071,1.0673333333333332,1.068,0.003299831645537232,0,2,6586368,send_recv,1,1
298,1.066,1.07,1.0683333333333334,1.069,0.0016996731711975818,0,2,6619136,send_recv,1,1
299,1.075,1.081,1.0776666666666666,1.077,0.0024944382578492965,0,2,6651904,send_recv,1,1
300,1.079,1.084,1.0810000000000002,1.08,0.002160246899469323,0,2,6684672,send_recv,1,1
301,1.083,1.095,1.0896666666666668,1.091,0.004988876515698593,0,2,6717440,send_recv,1,1
302,1.088,1.096,1.0913333333333333,1.09,0.0033993463423951926,0,2,6750208,send_recv,1,1
303,1.098,1.112,1.1036666666666666,1.101,0.006018490028422618,0,2,6782976,send_recv,1,1
304,1.094,1.109,1.1013333333333335,1.101,0.006128258770283373,0,2,6815744,send_recv,1,1
305,1.109,1.11,1.1093333333333335,1.109,0.00047140452079108444,0,2,6848512,send_recv,1,1
306,1.104,1.117,1.111,1.112,0.0053541261347363,0,2,6881280,send_recv,1,1
307,1.117,1.125,1.1203333333333332,1.119,0.003399346342395193,0,2,6914048,send_recv,1,1
308,1.118,1.127,1.1226666666666667,1.123,0.0036817870057290433,0,2,6946816,send_recv,1,1
309,1.118,1.124,1.1206666666666667,1.12,0.0024944382578492965,0,2,6979584,send_recv,1,1
310,1.1300000000000001,1.1320000000000001,1.1306666666666667,1.1300000000000001,0.0009428090415820641,0,2,7012352,send_recv,1,1
311,1.131,1.1400000000000001,1.136,1.137,0.003741657386773984,0,2,7045120,send_recv,1,1
312,1.1260000000000001,1.1460000000000001,1.1370000000000002,1.139,0.008286535263104034,0,2,7077888,send_recv,1,1
313,1.1400000000000001,1.155,1.1496666666666666,1.154,0.006847546194724643,0,2,7110656,send_recv,1,1
314,1.1520000000000001,1.159,1.1563333333333332,1.158,0.0030912061651651654,0,2,7143424,send_recv,1,1
315,1.16,1.169,1.1643333333333332,1.164,0.003681787005729137,0,2,7176192,send_recv,1,1
316,1.162,1.169,1.1663333333333334,1.168,0.0030912061651652695,0,2,7208960,send_recv,1,1
317,1.161,1.171,1.167,1.169,0.0043204937989385775,0,2,7241728,send_recv,1,1
318,1.168,1.179,1.1740000000000002,1.175,0.004546060565662005,0,2,7274496,send_recv,1,1
319,1.175,1.181,1.1786666666666668,1.18,0.002624669291337254,0,2,7307264,send_recv,1,1
320,1.175,1.192,1.1816666666666666,1.178,0.007408703590297596,0,2,7340032,send_recv,1,1
321,1.189,1.196,1.192,1.191,0.0029439202887759012,0,2,7372800,send_recv,1,1
322,1.186,1.194,1.1906666666666668,1.192,0.0033993463423951926,0,2,7405568,send_recv,1,1
323,1.2,1.205,1.2023333333333335,1.202,0.0020548046676563754,0,2,7438336,send_recv,1,1
324,1.202,1.207,1.205,1.206,0.002160246899469323,0,2,7471104,send_recv,1,1
325,1.209,1.212,1.2106666666666668,1.211,0.0012472191289246088,0,2,7503872,send_recv,1,1
326,1.21,1.212,1.211,1.211,0.0008164965809277268,0,2,7536640,send_recv,1,1
327,1.21,1.215,1.2126666666666666,1.213,0.0020548046676563754,0,2,7569408,send_recv,1,1
328,1.214,1.227,1.2203333333333333,1.22,0.0053124591501697935,0,2,7602176,send_recv,1,1
329,1.228,1.236,1.2313333333333334,1.23,0.003399346342395193,0,2,7634944,send_recv,1,1
330,1.235,1.242,1.2383333333333333,1.238,0.002867441755680835,0,2,7667712,send_recv,1,1
331,1.242,1.249,1.2456666666666667,1.246,0.002867441755680921,0,2,7700480,send_recv,1,1
332,1.25,1.2510000000000001,1.2503333333333335,1.25,0.00047140452079108444,0,2,7733248,send_recv,1,1
333,1.2510000000000001,1.254,1.2523333333333335,1.252,0.0012472191289246088,0,2,7766016,send_recv,1,1
334,1.244,1.2610000000000001,1.2530000000000001,1.254,0.0069761498454854985,0,2,7798784,send_recv,1,1
335,1.2570000000000001,1.2650000000000001,1.2606666666666668,1.26,0.003299831645537232,0,2,7831552,send_recv,1,1
336,1.264,1.266,1.2650000000000001,1.2650000000000001,0.0008164965809277268,0,2,7864320,send_recv,1,1
337,1.2690000000000001,1.278,1.274,1.2750000000000001,0.0037416573867739052,0,2,7897088,send_recv,1,1
338,1.2790000000000001,1.285,1.2826666666666666,1.284,0.0026246692913371884,0,2,7929856,send_recv,1,1
339,1.284,1.296,1.2883333333333333,1.285,0.005436502143433391,0,2,7962624,send_recv,1,1
340,1.288,1.294,1.291,1.291,0.00244948974278318,0,2,7995392,send_recv,1,1
341,1.288,1.301,1.2926666666666666,1.289,0.005906681715556426,0,2,8028160,send_recv,1,1
342,1.297,1.305,1.2999999999999998,1.298,0.0035590260840104196,0,2,8060928,send_recv,1,1
343,1.303,1.305,1.304,1.304,0.0008164965809277268,0,2,8093696,send_recv,1,1
344,1.302,1.306,1.304,1.304,0.0016329931618554536,0,2,8126464,send_recv,1,1
345,1.315,1.321,1.319,1.321,0.002828427124746193,0,2,8159232,send_recv,1,1
346,1.318,1.327,1.322,1.321,0.0037416573867739052,0,2,8192000,send_recv,1,1
347,1.326,1.33,1.3276666666666668,1.327,0.001699673171197611,0,2,8224768,send_recv,1,1
348,1.331,1.34,1.3340000000000003,1.331,0.004242640687119341,0,2,8257536,send_recv,1,1
349,1.338,1.342,1.3393333333333335,1.338,0.0018856180831641283,0,2,8290304,send_recv,1,1
350,1.334,1.347,1.3416666666666668,1.344,0.005557777333510991,0,2,8323072,send_recv,1,1
351,1.342,1.347,1.3436666666666668,1.342,0.002357022603955108,0,2,8355840,send_recv,1,1
352,1.35,1.358,1.3546666666666667,1.356,0.003399346342395193,0,2,8388608,send_recv,1,1
353,1.356,1.363,1.3596666666666668,1.36,0.002867441755680835,0,2,8421376,send_recv,1,1
354,1.354,1.368,1.361666666666667,1.363,0.005792715732327586,0,2,8454144,send_recv,1,1
355,1.361,1.3780000000000001,1.3699999999999999,1.371,0.0069761498454854985,0,2,8486912,send_recv,1,1
356,1.379,1.3860000000000001,1.3826666666666665,1.383,0.002867441755680921,0,2,8519680,send_recv,1,1
357,1.3780000000000001,1.387,1.3813333333333333,1.379,0.004027681991198164,0,2,8552448,send_recv,1,1
358,1.367,1.387,1.3773333333333333,1.3780000000000001,0.008178562764256875,0,2,8585216,send_recv,1,1
359,1.3820000000000001,1.3880000000000001,1.3860000000000001,1.3880000000000001,0.0028284271247461927,0,2,8617984,send_recv,1,1
360,1.3800000000000001,1.4060000000000001,1.394666666666667,1.3980000000000001,0.010873004286866736,0,2,8650752,send_recv,1,1
361,1.395,1.405,1.4006666666666667,1.4020000000000001,0.004189935029992194,0,2,8683520,send_recv,1,1
362,1.393,1.4060000000000001,1.401,1.4040000000000001,0.005715476066494139,0,2,8716288,send_recv,1,1
363,1.4060000000000001,1.42,1.4126666666666665,1.412,0.00573488351136167,0,2,8749056,send_recv,1,1
364,1.409,1.412,1.4109999999999998,1.412,0.0014142135623730439,0,2,8781824,send_recv,1,1
365,1.419,1.423,1.421,1.421,0.0016329931618554536,0,2,8814592,send_recv,1,1
366,1.421,1.428,1.4256666666666666,1.428,0.0032998316455371724,0,2,8847360,send_recv,1,1
367,1.425,1.436,1.43,1.429,0.004546060565661907,0,2,8880128,send_recv,1,1
368,1.43,1.44,1.4346666666666665,1.434,0.0041096093353126546,0,2,8912896,send_recv,1,1
369,1.438,1.443,1.4406666666666668,1.441,0.0020548046676563754,0,2,8945664,send_recv,1,1
370,1.449,1.461,1.4543333333333335,1.453,0.004988876515698593,0,2,8978432,send_recv,1,1
371,1.443,1.46,1.4489999999999998,1.444,0.007788880963698594,0,2,9011200,send_recv,1,1
372,1.452,1.459,1.4560000000000002,1.457,0.0029439202887760023,0,2,9043968,send_recv,1,1
373,1.454,1.465,1.4596666666666664,1.46,0.004496912521077395,0,2,9076736,send_recv,1,1
374,1.457,1.472,1.466,1.469,0.006480740698407832,0,2,9109504,send_recv,1,1
375,1.463,1.473,1.467666666666667,1.467,0.0041096093353126546,0,2,9142272,send_recv,1,1
376,1.472,1.478,1.4750000000000003,1.475,0.00244948974278318,0,2,9175040,send_recv,1,1
377,1.481,1.49,1.486,1.487,0.0037416573867739052,0,2,9207808,send_recv,1,1
378,1.478,1.49,1.4856666666666667,1.489,0.00543650214343339,0,2,9240576,send_recv,1,1
379,1.491,1.5,1.495,1.494,0.0037416573867739052,0,2,9273344,send_recv,1,1
380,1.498,1.5010000000000001,1.499666666666667,1.5,0.0012472191289246877,0,2,9306112,send_recv,1,1
381,1.5010000000000001,1.508,1.5053333333333334,1.5070000000000001,0.0030912061651652053,0,2,9338880,send_recv,1,1
382,1.504,1.5110000000000001,1.5070000000000003,1.506,0.002943920288776002,0,2,9371648,send_recv,1,1
383,1.5090000000000001,1.5170000000000001,1.5116666666666667,1.5090000000000001,0.0037712361663282566,0,2,9404416,send_recv,1,1
384,1.512,1.522,1.5183333333333335,1.5210000000000001,0.004496912521077374,0,2,9437184,send_recv,1,1
385,1.5230000000000001,1.528,1.526,1.5270000000000001,0.0021602468994692545,0,2,9469952,send_recv,1,1
386,1.526,1.538,1.5316666666666665,1.5310000000000001,0.004921607686744467,0,2,9502720,send_recv,1,1
387,1.536,1.542,1.5386666666666668,1.538,0.0024944382578492965,0,2,9535488,send_recv,1,1
388,1.537,1.557,1.545333333333333,1.542,0.008498365855987967,0,2,9568256,send_recv,1,1
389,1.541,1.55,1.545333333333333,1.545,0.003681787005729137,0,2,9601024,send_recv,1,1
390,1.549,1.555,1.5519999999999998,1.552,0.00244948974278318,0,2,9633792,send_recv,1,1
391,1.55,1.561,1.555,1.554,0.004546060565661907,0,2,9666560,send_recv,1,1
392,1.551,1.563,1.5583333333333333,1.561,0.005249338582674546,0,2,9699328,send_recv,1,1
393,1.568,1.576,1.5729999999999997,1.575,0.0035590260840104196,0,2,9732096,send_recv,1,1
394,1.577,1.582,1.5793333333333333,1.579,0.0020548046676563754,0,2,9764864,send_recv,1,1
395,1.573,1.582,1.577,1.576,0.003741657386773984,0,2,9797632,send_recv,1,1
396,1.585,1.598,1.5906666666666667,1.589,0.005436502143433419,0,2,9830400,send_recv,1,1
397,1.582,1.586,1.5839999999999999,1.584,0.0016329931618554536,0,2,9863168,send_recv,1,1
398,1.589,1.598,1.594,1.595,0.003741657386773984,0,2,9895936,send_recv,1,1
399,1.588,1.595,1.5923333333333334,1.594,0.0030912061651652053,0,2,9928704,send_recv,1,1
400,1.6,1.601,1.6003333333333334,1.6,0.00047140452079097976,0,2,9961472,send_recv,1,1
401,1.602,1.62,1.6123333333333336,1.615,0.007586537784494022,0,2,9994240,send_recv,1,1
402,1.607,1.616,1.6106666666666667,1.609,0.0038586123009301298,0,2,10027008,send_recv,1,1
403,1.617,1.6260000000000001,1.6206666666666667,1.619,0.0038586123009301298,0,2,10059776,send_recv,1,1
404,1.612,1.625,1.6166666666666665,1.613,0.005906681715556426,0,2,10092544,send_recv,1,1
405,1.621,1.631,1.625,1.623,0.0043204937989385775,0,2,10125312,send_recv,1,1
406,1.6260000000000001,1.6360000000000001,1.6320000000000003,1.6340000000000001,0.0043204937989385775,0,2,10158080,send_recv,1,1
407,1.6340000000000001,1.6440000000000001,1.6386666666666667,1.6380000000000001,0.0041096093353126546,0,2,10190848,send_recv,1,1
408,1.631,1.6460000000000001,1.6386666666666667,1.639,0.006128258770283461,0,2,10223616,send_recv,1,1
409,1.6460000000000001,1.649,1.6476666666666668,1.6480000000000001,0.0012472191289246088,0,2,10256384,send_recv,1,1
410,1.641,1.661,1.651,1.651,0.008164965809277268,0,2,10289152,send_recv,1,1
411,1.653,1.673,1.6626666666666667,1.6620000000000001,0.008178562764256868,0,2,10321920,send_recv,1,1
412,1.651,1.677,1.6623333333333334,1.659,0.010873004286866737,0,2,10354688,send_recv,1,1
413,1.663,1.672,1.6683333333333332,1.67,0.003858612300930028,0,2,10387456,send_recv,1,1
414,1.6620000000000001,1.67,1.6646666666666665,1.6620000000000001,0.003771236166328152,0,2,10420224,send_recv,1,1
415,1.67,1.682,1.6770000000000003,1.679,0.005099019513592804,0,2,10452992,send_recv,1,1
416,1.671,1.685,1.6770000000000003,1.675,0.005887840577551903,0,2,10485760,send_recv,1,1
417,1.681,1.691,1.6863333333333335,1.687,0.0041096093353126546,0,2,10518528,send_recv,1,1
418,1.682,1.692,1.6853333333333331,1.682,0.004714045207910321,0,2,10551296,send_recv,1,1
419,1.688,1.691,1.6896666666666667,1.69,0.0012472191289246877,0,2,10584064,send_recv,1,1
420,1.69,1.703,1.695,1.692,0.005715476066494139,0,2,10616832,send_recv,1,1
421,1.687,1.701,1.6936666666666664,1.693,0.005734883511361756,0,2,10649600,send_recv,1,1
422,1.67,1.699,1.6886666666666665,1.697,0.013224556283251646,0,2,10682368,send_recv,1,1
423,1.682,1.699,1.6909999999999998,1.692,0.0069761498454854985,0,2,10715136,send_recv,1,1
424,1.55,1.712,1.655,1.703,0.07433707016018319,0,2,10747904,send_recv,1,1
425,1.703,1.714,1.7083333333333333,1.708,0.004496912521077307,0,2,10780672,send_recv,1,1
426,1.704,1.72,1.712,1.712,0.0065319726474218145,0,2,10813440,send_recv,1,1
427,1.562,1.708,1.6566666666666665,1.7,0.06701906859659831,0,2,10846208,send_recv,1,1
428,1.562,1.725,1.6653333333333336,1.709,0.07335908638713787,0,2,10878976,send_recv,1,1
429,1.567,1.725,1.667,1.709,0.07101173611922662,0,2,10911744,send_recv,1,1
430,1.574,1.722,1.6696666666666669,1.713,0.0677462586092808,0,2,10944512,send_recv,1,1
431,1.585,1.731,1.6793333333333333,1.722,0.06680485677620224,0,2,10977280,send_recv,1,1
432,1.577,1.746,1.6886666666666665,1.743,0.0789697551105626,0,2,11010048,send_recv,1,1
433,1.585,1.745,1.688,1.734,0.07297031359852219,0,2,11042816,send_recv,1,1
434,1.587,1.75,1.6933333333333334,1.743,0.07524330904177169,0,2,11075584,send_recv,1,1
435,1.591,1.748,1.6936666666666669,1.742,0.07263760886911286,0,2,11108352,send_recv,1,1
436,1.577,1.743,1.6873333333333334,1.742,0.07801851632073566,0,2,11141120,send_recv,1,1
437,1.589,1.747,1.6916666666666667,1.739,0.07266972470629635,0,2,11173888,send_recv,1,1
438,1.596,1.764,1.7060000000000002,1.758,0.07782030583337485,0,2,11206656,send_recv,1,1
439,1.601,1.7650000000000001,1.7053333333333331,1.75,0.07402852303147908,0,2,11239424,send_recv,1,1
440,1.599,1.7730000000000001,1.7123333333333335,1.7650000000000001,0.08020529215013746,0,2,11272192,send_recv,1,1
441,1.599,1.776,1.7143333333333333,1.768,0.08161835305588785,0,2,11304960,send_recv,1,1
442,1.599,1.7710000000000001,1.7113333333333334,1.764,0.07948305200201841,0,2,11337728,send_recv,1,1
443,1.62,1.784,1.726,1.774,0.0750644167809666,0,2,11370496,send_recv,1,1
444,1.613,1.7850000000000001,1.721666666666667,1.7670000000000001,0.07718952145351228,0,2,11403264,send_recv,1,1
445,1.6260000000000001,1.7870000000000001,1.7300000000000002,1.7770000000000001,0.07365233646441006,0,2,11436032,send_recv,1,1
446,1.625,1.807,1.7433333333333334,1.798,0.08375493351969714,0,2,11468800,send_recv,1,1
447,1.639,1.793,1.7409999999999999,1.7910000000000001,0.0721295131459146,0,2,11501568,send_recv,1,1
448,1.6520000000000001,1.801,1.7510000000000001,1.8,0.0700047617428033,0,2,11534336,send_recv,1,1
449,1.641,1.827,1.7573333333333334,1.804,0.08279425637620576,0,2,11567104,send_recv,1,1
450,1.6520000000000001,1.816,1.76,1.812,0.07638498979947998,0,2,11599872,send_recv,1,1
451,1.653,1.822,1.7643333333333333,1.818,0.0787414898399962,0,2,11632640,send_recv,1,1
452,1.669,1.837,1.7783333333333333,1.829,0.07737929668558347,0,2,11665408,send_recv,1,1
453,1.657,1.843,1.7786666666666668,1.836,0.08607877529075071,0,2,11698176,send_recv,1,1
454,1.665,1.834,1.7750000000000001,1.826,0.07785028366465128,0,2,11730944,send_recv,1,1
455,1.678,1.837,1.782333333333333,1.832,0.07380304118997329,0,2,11763712,send_recv,1,1
456,1.682,1.849,1.7903333333333336,1.84,0.07669130039030217,0,2,11796480,send_recv,1,1
457,1.679,1.853,1.7936666666666667,1.849,0.08109802025258621,0,2,11829248,send_recv,1,1
458,1.688,1.861,1.796,1.839,0.07689386624865906,0,2,11862016,send_recv,1,1
459,1.687,1.853,1.7943333333333333,1.843,0.07600584772824315,0,2,11894784,send_recv,1,1
460,1.691,1.867,1.8046666666666666,1.856,0.08049982746703387,0,2,11927552,send_recv,1,1
461,1.695,1.873,1.8126666666666669,1.87,0.08321191154048933,0,2,11960320,send_recv,1,1
462,1.708,1.877,1.8179999999999998,1.869,0.07785028366465127,0,2,11993088,send_recv,1,1
463,1.709,1.8880000000000001,1.8266666666666669,1.883,0.08322793334505482,0,2,12025856,send_recv,1,1
464,1.719,1.889,1.8306666666666667,1.8840000000000001,0.0789866374071519,0,2,12058624,send_recv,1,1
465,1.702,1.8920000000000001,1.827,1.887,0.088411914732499,0,2,12091392,send_recv,1,1
466,1.72,1.8960000000000001,1.836,1.8920000000000001,0.0820406403355476,0,2,12124160,send_recv,1,1
467,1.723,1.8940000000000001,1.8356666666666668,1.8900000000000001,0.07968409851128115,0,2,12156928,send_recv,1,1
468,1.726,1.919,1.851,1.9080000000000001,0.08850235401765692,0,2,12189696,send_recv,1,1
469,1.731,1.922,1.854,1.909,0.08713590916876152,0,2,12222464,send_recv,1,1
470,1.745,1.921,1.8603333333333334,1.915,0.08158975970603714,0,2,12255232,send_recv,1,1
471,1.7530000000000001,1.923,1.8653333333333333,1.92,0.07944110327084386,0,2,12288000,send_recv,1,1
472,1.745,1.929,1.8633333333333333,1.9160000000000001,0.08384244483288612,0,2,12320768,send_recv,1,1
473,1.741,1.937,1.8703333333333336,1.933,0.09146705539275996,0,2,12353536,send_recv,1,1
474,1.756,1.944,1.8739999999999999,1.922,0.0839205973922175,0,2,12386304,send_recv,1,1
475,1.76,1.948,1.8826666666666665,1.94,0.08679989759338554,0,2,12419072,send_recv,1,1
476,1.77,1.94,1.8283333333333334,1.7750000000000001,0.07898663740715185,0,2,12451840,send_recv,1,1
477,1.7690000000000001,1.957,1.8943333333333332,1.957,0.08862404990871393,0,2,12484608,send_recv,1,1
478,1.7850000000000001,1.964,1.9033333333333333,1.961,0.08368326528577191,0,2,12517376,send_recv,1,1
479,1.788,1.972,1.9063333333333334,1.959,0.08384244483288614,0,2,12550144,send_recv,1,1
480,1.798,1.974,1.915,1.973,0.0827325006673113,0,2,12582912,send_recv,1,1
481,1.784,1.967,1.8496666666666668,1.798,0.08316382760685216,0,2,12615680,send_recv,1,1
482,1.7890000000000001,1.971,1.8520000000000003,1.796,0.084194219912454,0,2,12648448,send_recv,1,1
483,1.801,1.974,1.8613333333333333,1.809,0.07973428093082396,0,2,12681216,send_recv,1,1
484,1.788,1.99,1.9223333333333334,1.989,0.09498888823904031,0,2,12713984,send_recv,1,1
485,1.812,1.994,1.9323333333333335,1.991,0.08509732989674561,0,2,12746752,send_recv,1,1
486,1.812,2.003,1.8780000000000001,1.819,0.088434533224678,0,2,12779520,send_recv,1,1
487,1.813,2.003,1.8803333333333334,1.825,0.08687666864904275,0,2,12812288,send_recv,1,1
488,1.826,2.0140000000000002,1.9509999999999998,2.013,0.08838929045233176,0,2,12845056,send_recv,1,1
489,1.835,2.0100000000000002,1.8946666666666667,1.839,0.08156932974810799,0,2,12877824,send_recv,1,1
490,1.832,2.0140000000000002,1.8926666666666667,1.832,0.08579562278396784,0,2,12910592,send_recv,1,1
491,1.84,2.027,1.905,1.848,0.08632882871130981,0,2,12943360,send_recv,1,1
492,1.837,2.027,1.9020000000000001,1.842,0.088411914732499,0,2,12976128,send_recv,1,1
493,1.838,2.037,1.9066666666666665,1.845,0.09220388037146564,0,2,13008896,send_recv,1,1
494,1.851,2.0380000000000003,1.9160000000000001,1.859,0.08632882871130994,0,2,13041664,send_recv,1,1
495,1.856,2.047,1.9203333333333334,1.858,0.08957058048761822,0,2,13074432,send_recv,1,1
496,1.858,2.06,1.9273333333333333,1.864,0.09384147389199628,0,2,13107200,send_recv,1,1
497,1.862,2.0380000000000003,1.923,1.869,0.0813674791711448,0,2,13139968,send_recv,1,1
498,1.865,2.053,1.93,1.872,0.0870210702454679,0,2,13172736,send_recv,1,1
499,1.87,2.07,1.9376666666666666,1.873,0.09358181209805426,0,2,13205504,send_recv,1,1
500,1.869,2.067,1.936,1.872,0.09263908462414776,0,2,13238272,send_recv,1,1
501,1.885,2.075,1.9493333333333334,1.8880000000000001,0.08886819203492083,0,2,13271040,send_recv,1,1
502,1.8900000000000001,2.074,1.9533333333333334,1.8960000000000001,0.08535937102756908,0,2,13303808,send_recv,1,1
503,1.891,2.08,1.9553333333333331,1.895,0.08816776936928573,0,2,13336576,send_recv,1,1
504,1.8980000000000001,2.085,1.9613333333333334,1.901,0.08745411495305531,0,2,13369344,send_recv,1,1
505,1.901,2.094,1.9663333333333333,1.9040000000000001,0.09028227339233805,0,2,13402112,send_recv,1,1
506,1.905,2.088,1.968,1.911,0.08488816171881686,0,2,13434880,send_recv,1,1
507,1.909,2.091,1.9706666666666666,1.9120000000000001,0.08509732989674566,0,2,13467648,send_recv,1,1
508,1.9040000000000001,2.109,1.973,1.9060000000000001,0.09616998838861661,0,2,13500416,send_recv,1,1
509,1.907,2.105,1.982,1.934,0.08766983517721474,0,2,13533184,send_recv,1,1
510,1.932,2.1310000000000002,2.001,1.94,0.09198188227399291,0,2,13565952,send_recv,1,1
511,1.937,2.126,2.0,1.937,0.08909545442950491,0,2,13598720,send_recv,1,1
512,1.934,2.125,2.0016666666666665,1.946,0.08734732712313273,0,2,13631488,send_recv,1,1
513,1.929,2.1390000000000002,1.9993333333333334,1.93,0.09876009090495806,0,2,13664256,send_recv,1,1
514,1.938,2.142,2.007,1.941,0.09546727187890094,0,2,13697024,send_recv,1,1
515,1.946,2.148,2.014666666666667,1.95,0.09429504523332904,0,2,13729792,send_recv,1,1
516,1.938,2.149,2.010666666666667,1.945,0.09785817401843458,0,2,13762560,send_recv,1,1
517,1.954,2.16,2.026,1.964,0.09484021650474382,0,2,13795328,send_recv,1,1
518,1.955,2.161,2.0246666666666666,1.958,0.09641000409132285,0,2,13828096,send_recv,1,1
519,1.967,2.1750000000000003,2.0383333333333336,1.973,0.09666896548990739,0,2,13860864,send_recv,1,1
520,1.97,2.1670000000000003,2.037666666666667,1.976,0.09148527507503915,0,2,13893632,send_recv,1,1
521,1.955,2.179,2.033,1.965,0.10331827847320456,0,2,13926400,send_recv,1,1
522,1.972,2.1710000000000003,2.0393333333333334,1.975,0.0931104481546275,0,2,13959168,send_recv,1,1
523,1.98,2.172,2.045666666666667,1.985,0.08935447511021612,0,2,13991936,send_recv,1,1
524,1.984,2.176,2.0513333333333335,1.994,0.08824712774677468,0,2,14024704,send_recv,1,1
525,1.995,2.188,2.0603333333333333,1.998,0.0902822733923382,0,2,14057472,send_recv,1,1
526,2.0060000000000002,2.206,2.0733333333333333,2.008,0.0938130528705301,0,2,14090240,send_recv,1,1
527,2.005,2.207,2.0736666666666665,2.009,0.09429504523332893,0,2,14123008,send_recv,1,1
528,1.996,2.223,2.078,2.015,0.10282347332524149,0,2,14155776,send_recv,1,1
529,2.012,2.228,2.0866666666666664,2.02,0.09999111071601435,0,2,14188544,send_recv,1,1
530,1.997,2.223,2.0776666666666666,2.013,0.10297356726634044,0,2,14221312,send_recv,1,1
531,2.007,2.232,2.0893333333333337,2.029,0.10127959101198807,0,2,14254080,send_recv,1,1
532,2.007,2.236,2.0879999999999996,2.021,0.10480776052691272,0,2,14286848,send_recv,1,1
533,2.027,2.238,2.102,2.041,0.0963362167965229,0,2,14319616,send_recv,1,1
534,2.029,2.234,2.098333333333333,2.032,0.09593863779636556,0,2,14352384,send_recv,1,1
535,2.037,2.246,2.11,2.047,0.0962531384769695,0,2,14385152,send_recv,1,1
536,2.05,2.2560000000000002,2.1206666666666667,2.056,0.0957264621489564,0,2,14417920,send_recv,1,1
537,2.054,2.253,2.1216666666666666,2.058,0.0928810469842417,0,2,14450688,send_recv,1,1
538,2.0460000000000003,2.265,2.125,2.064,0.09926731586982694,0,2,14483456,send_recv,1,1
539,2.063,2.259,2.1326666666666667,2.076,0.08948867091549748,0,2,14516224,send_recv,1,1
540,2.06,2.2760000000000002,2.1323333333333334,2.061,0.10158849453664645,0,2,14548992,send_recv,1,1
541,2.063,2.281,2.1366666666666667,2.066,0.10206642717150223,0,2,14581760,send_recv,1,1
542,2.074,2.291,2.1486666666666667,2.081,0.10068542871515995,0,2,14614528,send_recv,1,1
543,2.074,2.303,2.156,2.091,0.10417613290320707,0,2,14647296,send_recv,1,1
544,2.081,2.286,2.1513333333333335,2.087,0.09525521274741636,0,2,14680064,send_recv,1,1
545,2.08,2.305,2.158,2.089,0.10400961494015837,0,2,14712832,send_recv,1,1
546,2.091,2.294,2.1593333333333335,2.093,0.09522721366406883,0,2,14745600,send_recv,1,1
547,2.092,2.2960000000000003,2.1616666666666666,2.097,0.09500994100034434,0,2,14778368,send_recv,1,1
548,2.096,2.316,2.1726666666666667,2.106,0.1014341603646862,0,2,14811136,send_recv,1,1
549,2.111,2.317,2.1840000000000006,2.124,0.09419483354551177,0,2,14843904,send_recv,1,1
550,2.118,2.325,2.188333333333333,2.122,0.09665172298286039,0,2,14876672,send_recv,1,1
551,2.11,2.327,2.187,2.124,0.09915980368408696,0,2,14909440,send_recv,1,1
552,2.116,2.341,2.193666666666667,2.124,0.10423157977418471,0,2,14942208,send_recv,1,1
553,2.121,2.347,2.1976666666666667,2.125,0.10560723880913128,0,2,14974976,send_recv,1,1
554,2.1270000000000002,2.326,2.1966666666666668,2.137,0.0915435536901546,0,2,15007744,send_recv,1,1
555,2.128,2.346,2.203,2.1350000000000002,0.10115664420425709,0,2,15040512,send_recv,1,1
556,2.132,2.35,2.208,2.142,0.10049212241099635,0,2,15073280,send_recv,1,1
557,2.142,2.372,2.219333333333333,2.144,0.1079547230195243,0,2,15106048,send_recv,1,1
558,2.146,2.357,2.2193333333333336,2.1550000000000002,0.09741434984413523,0,2,15138816,send_recv,1,1
559,2.141,2.3770000000000002,2.221,2.145,0.11032074449833398,0,2,15171584,send_recv,1,1
560,2.154,2.369,2.2273333333333336,2.1590000000000003,0.10019425576792765,0,2,15204352,send_recv,1,1
561,2.1550000000000002,2.371,2.23,2.164,0.09976973488989524,0,2,15237120,send_recv,1,1
562,2.1590000000000003,2.372,2.231666666666667,2.164,0.09925164426289802,0,2,15269888,send_recv,1,1
563,2.166,2.382,2.239333333333333,2.17,0.1008937835327607,0,2,15302656,send_recv,1,1
564,2.164,2.394,2.244666666666667,2.176,0.10570819373266303,0,2,15335424,send_recv,1,1
565,2.169,2.3930000000000002,2.2493333333333334,2.186,0.10182446769918439,0,2,15368192,send_recv,1,1
566,2.177,2.399,2.252666666666667,2.182,0.103493424375121,0,2,15400960,send_recv,1,1
567,2.19,2.411,2.264333333333333,2.192,0.10371220864595557,0,2,15433728,send_recv,1,1
568,2.188,2.414,2.264,2.19,0.10606915982823034,0,2,15466496,send_recv,1,1
569,2.193,2.41,2.266,2.195,0.10182665008074597,0,2,15499264,send_recv,1,1
570,2.191,2.424,2.2746666666666666,2.209,0.10584999868787066,0,2,15532032,send_recv,1,1
571,2.198,2.431,2.276666666666667,2.201,0.10913701887484784,0,2,15564800,send_recv,1,1
572,2.224,2.444,2.298666666666667,2.228,0.10277915914987595,0,2,15597568,send_recv,1,1
573,2.216,2.446,2.2940000000000005,2.22,0.10749263540664851,0,2,15630336,send_recv,1,1
574,2.217,2.455,2.299666666666667,2.227,0.10991309698524966,0,2,15663104,send_recv,1,1
575,2.215,2.462,2.3009999999999997,2.226,0.11393272868963815,0,2,15695872,send_recv,1,1
576,2.233,2.465,2.314,2.244,0.10686751923136718,0,2,15728640,send_recv,1,1
577,2.232,2.452,2.3073333333333337,2.238,0.1023241038183194,0,2,15761408,send_recv,1,1
578,2.234,2.467,2.315,2.244,0.10755773643335316,0,2,15794176,send_recv,1,1
579,2.229,2.474,2.315,2.242,0.1125551716566888,0,2,15826944,send_recv,1,1
580,2.24,2.472,2.3206666666666664,2.25,0.1070866730996698,0,2,15859712,send_recv,1,1
581,2.244,2.481,2.3266666666666667,2.255,0.10922250480352268,0,2,15892480,send_recv,1,1
582,2.261,2.488,2.3380000000000005,2.265,0.1060785872203559,0,2,15925248,send_recv,1,1
583,2.261,2.484,2.3383333333333334,2.27,0.10306739973866073,0,2,15958016,send_recv,1,1
584,2.269,2.49,2.3433333333333333,2.271,0.10371220864595566,0,2,15990784,send_recv,1,1
585,2.266,2.5060000000000002,2.346,2.266,0.1131370849898477,0,2,16023552,send_recv,1,1
586,2.275,2.492,2.3489999999999998,2.2800000000000002,0.10113687095548615,0,2,16056320,send_recv,1,1
587,2.2760000000000002,2.5180000000000002,2.357666666666667,2.279,0.11337940240135731,0,2,16089088,send_recv,1,1
588,2.273,2.496,2.3516666666666666,2.286,0.10219697755913437,0,2,16121856,send_recv,1,1
589,2.294,2.525,2.371,2.294,0.10889444430272825,0,2,16154624,send_recv,1,1
590,2.286,2.536,2.3716666666666666,2.293,0.11623634925826294,0,2,16187392,send_recv,1,1
591,2.3040000000000003,2.539,2.3843333333333336,2.31,0.10939327625082305,0,2,16220160,send_recv,1,1
592,2.295,2.537,2.377666666666667,2.301,0.11269230477523984,0,2,16252928,send_recv,1,1
593,2.31,2.5420000000000003,2.3893333333333335,2.316,0.10797942190785978,0,2,16285696,send_recv,1,1
594,2.313,2.5340000000000003,2.389666666666667,2.322,0.10212519549824894,0,2,16318464,send_recv,1,1
595,2.297,2.551,2.392666666666667,2.33,0.11276622819897023,0,2,16351232,send_recv,1,1
596,2.312,2.551,2.3946666666666663,2.321,0.1106054047303095,0,2,16384000,send_recv,1,1
597,2.327,2.551,2.4026666666666667,2.33,0.10489465615029635,0,2,16416768,send_recv,1,1
598,2.328,2.57,2.4096666666666664,2.331,0.1133794024013572,0,2,16449536,send_recv,1,1
599,2.337,2.577,2.4186666666666667,2.342,0.11197718021493876,0,2,16482304,send_recv,1,1
600,2.336,2.58,2.4173333333333336,2.336,0.11502270307301184,0,2,16515072,send_recv,1,1
601,2.326,2.556,2.41,2.348,0.10362753816754827,0,2,16547840,send_recv,1,1
602,2.347,2.581,2.429,2.359,0.10759182125050211,0,2,16580608,send_recv,1,1
603,2.343,2.6,2.4293333333333336,2.345,0.12068231942675871,0,2,16613376,send_recv,1,1
604,2.343,2.607,2.4353333333333333,2.356,0.12150262914393632,0,2,16646144,send_recv,1,1
605,2.352,2.593,2.437,2.366,0.11045662798884757,0,2,16678912,send_recv,1,1
606,2.371,2.612,2.4546666666666668,2.3810000000000002,0.11132634708619318,0,2,16711680,send_recv,1,1
607,2.365,2.615,2.456,2.388,0.11282139277046123,0,2,16744448,send_recv,1,1
608,2.378,2.634,2.47,2.398,0.11625259853726558,0,2,16777216,send_recv,1,1
609,2.374,2.618,2.4583333333333335,2.383,0.11296115359813834,0,2,16777216,send_recv,1,1
610,2.3930000000000002,2.612,2.467333333333334,2.3970000000000002,0.10230781440774149,0,2,16908288,send_recv,1,1
611,2.399,2.66,2.493,2.42,0.11839763511151741,0,2,17039360,send_recv,1,1
612,2.427,2.6830000000000003,2.519,2.447,0.11625259853726579,0,2,17170432,send_recv,1,1
613,2.445,2.706,2.532666666666667,2.447,0.12256789501696148,0,2,17301504,send_recv,1,1
614,2.467,2.711,2.550666666666667,2.474,0.11340879840451323,0,2,17432576,send_recv,1,1
615,2.481,2.747,2.5733333333333333,2.492,0.12288296148051697,0,2,17563648,send_recv,1,1
616,2.497,2.748,2.584,2.507,0.11603735030871178,0,2,17694720,send_recv,1,1
617,2.504,2.795,2.6140000000000003,2.543,0.12897286536322275,0,2,17825792,send_recv,1,1
618,2.5420000000000003,2.795,2.6283333333333334,2.548,0.11787658329324305,0,2,17956864,send_recv,1,1
619,2.565,2.7960000000000003,2.6423333333333336,2.566,0.10865950896672102,0,2,18087936,send_recv,1,1
620,2.561,2.825,2.651666666666667,2.569,0.12260868194744169,0,2,18219008,send_recv,1,1
621,2.601,2.849,2.6839999999999997,2.602,0.11667333314286815,0,2,18350080,send_recv,1,1
622,2.605,2.859,2.696,2.624,0.11551911818684672,0,2,18481152,send_recv,1,1
623,2.638,2.8850000000000002,2.7223333333333333,2.644,0.1150487819241136,0,2,18612224,send_recv,1,1
624,2.637,2.92,2.731666666666667,2.638,0.1331724028802097,0,2,18743296,send_recv,1,1
625,2.6750000000000003,2.9370000000000003,2.7663333333333333,2.6870000000000003,0.12077895328059254,0,2,18874368,send_recv,1,1
626,2.682,2.948,2.7743333333333333,2.693,0.12288296148051697,0,2,19005440,send_recv,1,1
627,2.713,2.959,2.8009999999999997,2.731,0.1119642800182273,0,2,19136512,send_recv,1,1
628,2.722,2.981,2.809333333333333,2.725,0.121392842549395,0,2,19267584,send_recv,1,1
629,2.746,3.021,2.8386666666666667,2.749,0.1289349534541437,0,2,19398656,send_recv,1,1
630,2.7560000000000002,3.003,2.8403333333333336,2.762,0.11504878192411348,0,2,19529728,send_recv,1,1
631,2.774,3.032,2.8640000000000003,2.786,0.1188949115816148,0,2,19660800,send_recv,1,1
632,2.795,3.084,2.896333333333333,2.81,0.13284159321872388,0,2,19791872,send_recv,1,1
633,2.811,3.103,2.915333333333333,2.832,0.13297702391349014,0,2,19922944,send_recv,1,1
634,2.833,3.093,2.9226666666666667,2.842,0.1204998847394561,0,2,20054016,send_recv,1,1
635,2.839,3.141,2.9450000000000003,2.855,0.1387467717342161,0,2,20185088,send_recv,1,1
636,2.868,3.122,2.956,2.878,0.11745069887687623,0,2,20316160,send_recv,1,1
637,2.869,3.19,2.985666666666667,2.898,0.14496972864092073,0,2,20447232,send_recv,1,1
638,2.9,3.156,2.989666666666667,2.9130000000000003,0.11773510757440009,0,2,20578304,send_recv,1,1
639,2.92,3.205,3.015333333333333,2.9210000000000003,0.1341152075228193,0,2,20709376,send_recv,1,1
640,2.947,3.221,3.0383333333333336,2.947,0.1291648386967427,0,2,20840448,send_recv,1,1
641,2.959,3.255,3.0589999999999997,2.963,0.13860254927910468,0,2,20971520,send_recv,1,1
642,2.973,3.247,3.0656666666666665,2.977,0.1282324278626727,0,2,21102592,send_recv,1,1
643,2.98,3.263,3.0820000000000003,3.003,0.12833030299452525,0,2,21233664,send_recv,1,1
644,3.021,3.305,3.1159999999999997,3.0220000000000002,0.13364380519375627,0,2,21364736,send_recv,1,1
645,3.027,3.326,3.1283333333333334,3.032,0.1397863449061539,0,2,21495808,send_recv,1,1
646,3.0500000000000003,3.326,3.1443333333333334,3.057,0.12848951535263706,0,2,21626880,send_recv,1,1
647,3.069,3.347,3.1616666666666666,3.069,0.13105045677990682,0,2,21757952,send_recv,1,1
648,3.0660000000000003,3.374,3.1750000000000003,3.085,0.1409278775355205,0,2,21889024,send_recv,1,1
649,3.091,3.399,3.2010000000000005,3.113,0.14029492744453256,0,2,22020096,send_recv,1,1
650,3.113,3.408,3.2146666666666666,3.123,0.13676825492619085,0,2,22151168,send_recv,1,1
651,3.128,3.4290000000000003,3.233333333333334,3.1430000000000002,0.13849267930913256,0,2,22282240,send_recv,1,1
652,3.15,3.4450000000000003,3.2496666666666667,3.154,0.13813117758935625,0,2,22413312,send_recv,1,1
653,3.174,3.487,3.281,3.182,0.14570060626732714,0,2,22544384,send_recv,1,1
654,3.186,3.498,3.2923333333333336,3.193,0.1454563699380525,0,2,22675456,send_recv,1,1
655,3.185,3.501,3.3043333333333336,3.227,0.14011741108402223,0,2,22806528,send_recv,1,1
656,3.207,3.503,3.311666666666667,3.225,0.1354925172185617,0,2,22937600,send_recv,1,1
657,3.243,3.563,3.353666666666667,3.255,0.14810206690732666,0,2,23068672,send_recv,1,1
658,3.267,3.564,3.3703333333333334,3.2800000000000002,0.13704581553464357,0,2,23199744,send_recv,1,1
659,3.2760000000000002,3.549,3.3686666666666665,3.281,0.12753125978450222,0,2,23330816,send_recv,1,1
660,3.3080000000000003,3.614,3.411,3.311,0.14354790141273388,0,2,23461888,send_recv,1,1
661,3.3280000000000003,3.618,3.425666666666667,3.331,0.13600571883400903,0,2,23592960,send_recv,1,1
662,3.326,3.634,3.4363333333333337,3.349,0.14008648122578493,0,2,23724032,send_recv,1,1
663,3.347,3.628,3.4423333333333335,3.352,0.13130202672549365,0,2,23855104,send_recv,1,1
664,3.357,3.664,3.4623333333333335,3.366,0.14264719493289105,0,2,23986176,send_recv,1,1
665,3.395,3.731,3.5116666666666667,3.4090000000000003,0.15519736538428153,0,2,24117248,send_recv,1,1
666,3.4090000000000003,3.696,3.5073333333333334,3.4170000000000003,0.1334474511642025,0,2,24248320,send_recv,1,1
667,3.43,3.719,3.5336666666666665,3.452,0.13135786572904137,0,2,24379392,send_recv,1,1
668,3.448,3.731,3.549666666666667,3.47,0.12853620328746113,0,2,24510464,send_recv,1,1
669,3.457,3.7800000000000002,3.5690000000000004,3.47,0.14929389360140186,0,2,24641536,send_recv,1,1
670,3.487,3.806,3.6,3.507,0.1458926546014797,0,2,24772608,send_recv,1,1
671,3.479,3.8240000000000003,3.6070000000000007,3.5180000000000002,0.1542660040319967,0,2,24903680,send_recv,1,1
672,3.521,3.802,3.614666666666667,3.521,0.13246467034227996,0,2,25034752,send_recv,1,1
673,3.531,3.819,3.6306666666666665,3.5420000000000003,0.13324747235459614,0,2,25165824,send_recv,1,1
674,3.536,3.876,3.654666666666667,3.552,0.15664255133548122,0,2,25296896,send_recv,1,1
675,3.564,3.934,3.6946666666666665,3.586,0.16947238385320754,0,2,25427968,send_recv,1,1
676,3.601,3.862,3.6903333333333332,3.608,0.12142029850436416,0,2,25559040,send_recv,1,1
677,3.58,3.928,3.7016666666666667,3.597,0.16019224561618314,0,2,25690112,send_recv,1,1
678,3.61,3.892,3.7089999999999996,3.625,0.1295453588516393,0,2,25821184,send_recv,1,1
679,3.637,3.936,3.738666666666667,3.6430000000000002,0.13955723636638195,0,2,25952256,send_recv,1,1
680,3.62,3.99,3.756333333333334,3.6590000000000003,0.16599263705223663,0,2,26083328,send_recv,1,1
681,3.668,4.014,3.7880000000000003,3.682,0.15990830705959805,0,2,26214400,send_recv,1,1
682,3.696,4.017,3.8080000000000003,3.7110000000000003,0.14791213608085044,0,2,26345472,send_recv,1,1
683,3.7030000000000003,4.057,3.8226666666666667,3.708,0.16571126160349586,0,2,26476544,send_recv,1,1
684,3.718,4.045,3.831666666666667,3.732,0.15095768354814604,0,2,26607616,send_recv,1,1
685,3.754,4.079,3.8649999999999998,3.762,0.1513560922680902,0,2,26738688,send_recv,1,1
686,3.761,4.113,3.879666666666667,3.765,0.16499966329931992,0,2,26869760,send_recv,1,1
687,3.785,4.127,3.9003333333333337,3.789,0.16028585575638138,0,2,27000832,send_recv,1,1
688,3.793,4.064,3.8876666666666666,3.806,0.1247993945854261,0,2,27131904,send_recv,1,1
689,3.819,4.144,3.9299999999999997,3.827,0.15135609226809038,0,2,27262976,send_recv,1,1
690,3.8280000000000003,4.18,3.953333333333333,3.852,0.16057673831812885,0,2,27394048,send_recv,1,1
691,3.866,4.165,3.966666666666667,3.869,0.14024819269978328,0,2,27525120,send_recv,1,1
692,3.863,4.116,3.9586666666666663,3.8970000000000002,0.1121140292539498,0,2,27656192,send_recv,1,1
693,3.904,4.125,3.984,3.923,0.10000333327777963,0,2,27787264,send_recv,1,1
694,3.906,4.108,3.9806666666666666,3.928,0.09048511234206166,0,2,27918336,send_recv,1,1
695,3.9450000000000003,4.247,4.051666666666667,3.963,0.13831686648979408,0,2,28049408,send_recv,1,1
696,3.963,4.2,4.044333333333333,3.97,0.1101100459641273,0,2,28180480,send_recv,1,1
697,3.981,4.017,3.9943333333333335,3.985,0.016110727964792987,0,2,28311552,send_recv,1,1
698,3.991,4.234,4.074666666666666,3.999,0.1127130082209778,0,2,28442624,send_recv,1,1
699,4.015,4.264,4.1000000000000005,4.021,0.1159913789899924,0,2,28573696,send_recv,1,1
700,4.0040000000000004,4.382,4.139666666666667,4.033,0.17176405004799103,0,2,28704768,send_recv,1,1
701,4.037,4.061,4.050333333333334,4.053,0.009977753031397186,0,2,28835840,send_recv,1,1
702,4.057,4.096,4.078333333333333,4.082,0.016131404843416998,0,2,28966912,send_recv,1,1
703,4.082,4.271,4.152,4.103,0.08458132181516205,0,2,29097984,send_recv,1,1
704,4.0760000000000005,4.457,4.221666666666667,4.132,0.16796891246762152,0,2,29229056,send_recv,1,1
705,4.125,4.454,4.244,4.1530000000000005,0.1489317517075073,0,2,29360128,send_recv,1,1
706,4.138,4.207,4.1659999999999995,4.1530000000000005,0.029631064780058,0,2,29491200,send_recv,1,1
707,4.174,4.224,4.194333333333334,4.1850000000000005,0.021452790546272017,0,2,29622272,send_recv,1,1
708,4.182,4.282,4.226,4.214,0.04169732205629821,0,2,29753344,send_recv,1,1
709,4.194,4.232,4.2123333333333335,4.211,0.015542057635833122,0,2,29884416,send_recv,1,1
710,4.225,4.263,4.2476666666666665,4.255,0.016357125528513847,0,2,30015488,send_recv,1,1
711,4.236,4.267,4.246333333333333,4.236,0.014613540144522257,0,2,30146560,send_recv,1,1
712,4.243,4.2780000000000005,4.255666666666667,4.246,0.01583947249402234,0,2,30277632,send_recv,1,1
713,4.252,4.305,4.277,4.274,0.021740898478827066,0,2,30408704,send_recv,1,1
714,4.2860000000000005,4.331,4.301000000000001,4.2860000000000005,0.021213203435596392,0,2,30539776,send_recv,1,1
715,4.3180000000000005,4.3420000000000005,4.328,4.324,0.010198039027185664,0,2,30670848,send_recv,1,1
716,4.3100000000000005,4.3790000000000004,4.347,4.352,0.028390139133156748,0,2,30801920,send_recv,1,1
717,4.351,4.374,4.3629999999999995,4.364,0.009416297927883564,0,2,30932992,send_recv,1,1
718,4.37,4.4510000000000005,4.397666666666667,4.372,0.03772119946248935,0,2,31064064,send_recv,1,1
719,4.3870000000000005,4.446,4.411333333333333,4.401,0.02517052950487024,0,2,31195136,send_recv,1,1
720,4.405,4.436,4.423333333333333,4.429,0.013274871834493157,0,2,31326208,send_recv,1,1
721,4.408,4.482,4.444333333333334,4.4430000000000005,0.030225081564084346,0,2,31457280,send_recv,1,1
722,4.418,4.45,4.4303333333333335,4.423,0.014055445761538707,0,2,31588352,send_recv,1,1
723,4.46,4.522,4.493666666666666,4.499,0.025590796956892394,0,2,31719424,send_recv,1,1
724,4.4670000000000005,4.515,4.486999999999999,4.479,0.020396078054370808,0,2,31850496,send_recv,1,1
725,4.498,4.534,4.513,4.507,0.015297058540778237,0,2,31981568,send_recv,1,1
726,4.499,4.549,4.523333333333333,4.522,0.02043417616532576,0,2,32112640,send_recv,1,1
727,4.509,4.585,4.548333333333334,4.551,0.03108411527166589,0,2,32243712,send_recv,1,1
728,4.537,4.606,4.571666666666666,4.572,0.028170118131728778,0,2,32374784,send_recv,1,1
729,4.578,4.641,4.6080000000000005,4.605,0.02580697580112776,0,2,32505856,send_recv,1,1
730,4.621,4.639,4.629666666666666,4.6290000000000004,0.0073635740114580866,0,2,32636928,send_recv,1,1
731,4.623,4.662,4.641666666666667,4.64,0.01596524001977062,0,2,32768000,send_recv,1,1
732,4.619,4.664,4.645333333333333,4.6530000000000005,0.019154343864744926,0,2,32899072,send_recv,1,1
733,4.662,4.703,4.6803333333333335,4.676,0.01701633202413377,0,2,33030144,send_recv,1,1
734,4.647,4.7,4.672666666666667,4.671,0.02166923061752665,0,2,33161216,send_recv,1,1
735,4.688,4.7330000000000005,4.717,4.73,0.0205426385841745,0,2,33292288,send_recv,1,1
736,4.686,4.743,4.712,4.707,0.023537204591879815,0,2,33423360,send_recv,1,1
737,4.716,4.7700000000000005,4.749,4.761,0.0236220236220355,0,2,33554432,send_recv,1,1
738,4.72,4.787,4.761666666666667,4.7780000000000005,0.029691001255524648,0,2,33685504,send_recv,1,1
739,4.76,4.783,4.768666666666667,4.763,0.01020892855407595,0,2,33816576,send_recv,1,1
740,4.7620000000000005,4.811,4.793666666666667,4.808,0.02242518425540528,0,2,33947648,send_recv,1,1
741,4.781,4.861,4.821666666666666,4.823,0.032673468679580965,0,2,34078720,send_recv,1,1
742,4.792,4.852,4.812333333333334,4.793,0.02805153986662582,0,2,34209792,send_recv,1,1
743,4.815,4.857,4.837666666666667,4.841,0.017307673314329478,0,2,34340864,send_recv,1,1
744,4.816,4.864,4.847666666666666,4.863,0.022395436042987913,0,2,34471936,send_recv,1,1
745,4.874,4.949,4.902,4.883,0.033436506994601,0,2,34603008,send_recv,1,1
746,4.881,4.944,4.908666666666666,4.901,0.026284765338288347,0,2,34734080,send_recv,1,1
747,4.874,4.931,4.906,4.913,0.02379075450674083,0,2,34865152,send_recv,1,1
748,4.915,4.985,4.941666666666666,4.925,0.030912061651652518,0,2,34996224,send_recv,1,1
749,4.947,5.002,4.975333333333333,4.977,0.02248456260538663,0,2,35127296,send_recv,1,1
750,4.944,5.019,4.969333333333334,4.945,0.035122009560324935,0,2,35258368,send_recv,1,1
751,4.955,5.0,4.971333333333334,4.9590000000000005,0.020336065390226067,0,2,35389440,send_recv,1,1
752,4.997,5.0520000000000005,5.015333333333333,4.997,0.02592724864350703,0,2,35520512,send_recv,1,1
753,5.01,5.032,5.024,5.03,0.009933109617167717,0,2,35651584,send_recv,1,1
754,5.0280000000000005,5.0440000000000005,5.036333333333333,5.037,0.0065489609014628206,0,2,35782656,send_recv,1,1
755,5.039,5.086,5.069,5.082,0.02127596452964412,0,2,35913728,send_recv,1,1
756,5.053,5.105,5.081333333333333,5.086,0.02148384405909623,0,2,36044800,send_recv,1,1
757,5.074,5.119,5.103000000000001,5.1160000000000005,0.020542638584174266,0,2,36175872,send_recv,1,1
758,5.112,5.128,5.12,5.12,0.0065319726474218145,0,2,36306944,send_recv,1,1
759,5.117,5.14,5.128,5.127,0.009416297927883564,0,2,36438016,send_recv,1,1
760,5.134,5.192,5.159,5.151,0.0243447461820136,0,2,36569088,send_recv,1,1
761,5.152,5.216,5.181,5.175,0.026470108928122477,0,2,36700160,send_recv,1,1
762,5.194,5.236,5.207999999999999,5.194,0.019798989873223243,0,2,36831232,send_recv,1,1
763,5.192,5.213,5.199333333333334,5.1930000000000005,0.009672412085697824,0,2,36962304,send_recv,1,1
764,5.18,5.268,5.226333333333334,5.231,0.03607707797973054,0,2,37093376,send_recv,1,1
765,5.218,5.245,5.229333333333334,5.2250000000000005,0.011440668201153668,0,2,37224448,send_recv,1,1
766,5.2250000000000005,5.2700000000000005,5.250333333333334,5.256,0.018803073034893883,0,2,37355520,send_recv,1,1
767,5.2540000000000004,5.311,5.285333333333334,5.291,0.023612614331232927,0,2,37486592,send_recv,1,1
768,5.26,5.304,5.287,5.297,0.019304576314093807,0,2,37617664,send_recv,1,1
769,5.301,5.331,5.32,5.328,0.013490737563232135,0,2,37748736,send_recv,1,1
770,5.303,5.357,5.3356666666666674,5.347,0.023456816114345736,0,2,37879808,send_recv,1,1
771,5.34,5.363,5.349666666666667,5.346,0.009741092797468539,0,2,38010880,send_recv,1,1
772,5.354,5.393,5.374333333333333,5.376,0.01596524001977062,0,2,38141952,send_recv,1,1
773,5.383,5.418,5.404333333333334,5.412,0.015282524515130227,0,2,38273024,send_recv,1,1
774,5.3870000000000005,5.4,5.393000000000001,5.392,0.0053541261347363,0,2,38404096,send_recv,1,1
775,5.406,5.455,5.428999999999999,5.426,0.020116328359486287,0,2,38535168,send_recv,1,1
776,5.4030000000000005,5.4590000000000005,5.438666666666666,5.454,0.025302612952464328,0,2,38666240,send_recv,1,1
777,5.442,5.478,5.456666666666667,5.45,0.01543444920372011,0,2,38797312,send_recv,1,1
778,5.4590000000000005,5.5200000000000005,5.492333333333334,5.498,0.02522344588319011,0,2,38928384,send_recv,1,1
779,5.473,5.541,5.509666666666667,5.515,0.028015868519267767,0,2,39059456,send_recv,1,1
780,5.5,5.545,5.5183333333333335,5.51,0.019293061504650374,0,2,39190528,send_recv,1,1
781,5.532,5.583,5.553999999999999,5.547,0.021400934559032803,0,2,39321600,send_recv,1,1
782,5.514,5.555,5.528666666666666,5.517,0.01866071333637094,0,2,39452672,send_recv,1,1
783,5.572,5.585,5.576666666666667,5.573,0.005906681715556334,0,2,39583744,send_recv,1,1
784,5.542,5.6160000000000005,5.582000000000001,5.588,0.030506829836393756,0,2,39714816,send_recv,1,1
785,5.571,5.622,5.604333333333333,5.62,0.02358436393507843,0,2,39845888,send_recv,1,1
786,5.618,5.634,5.623333333333334,5.618,0.007542472332656513,0,2,39976960,send_recv,1,1
787,5.6290000000000004,5.678,5.645666666666667,5.63,0.022866763848189878,0,2,40108032,send_recv,1,1
788,5.644,5.745,5.699000000000001,5.708,0.04172129751897304,0,2,40239104,send_recv,1,1
789,5.654,5.7,5.6706666666666665,5.658,0.02080598204576968,0,2,40370176,send_recv,1,1
790,5.682,5.723,5.708666666666667,5.721,0.018873850222522557,0,2,40501248,send_recv,1,1
791,5.706,5.7940000000000005,5.739999999999999,5.72,0.0386091526281875,0,2,40632320,send_recv,1,1
792,5.702,5.72,5.712666666666667,5.716,0.007717224601860119,0,2,40763392,send_recv,1,1
793,5.752,5.821,5.782666666666667,5.775,0.02868603996526681,0,2,40894464,send_recv,1,1
794,5.7620000000000005,5.814,5.782666666666667,5.772,0.022528993664954252,0,2,41025536,send_recv,1,1
795,5.8,5.827,5.8103333333333325,5.804,0.011897712198383148,0,2,41156608,send_recv,1,1
796,5.8100000000000005,5.849,5.831666666666667,5.836,0.016213848676020288,0,2,41287680,send_recv,1,1
797,5.825,5.827,5.8260000000000005,5.8260000000000005,0.0008164965809276362,0,2,41418752,send_recv,1,1
798,5.821,5.8740000000000006,5.852,5.861,0.022553639765383302,0,2,41549824,send_recv,1,1
799,5.8580000000000005,5.892,5.88,5.89,0.015577761927396997,0,2,41680896,send_recv,1,1
800,5.849,5.9030000000000005,5.874333333333333,5.871,0.022171052197754625,0,2,41811968,send_recv,1,1
801,5.88,5.932,5.9076666666666675,5.9110000000000005,0.021359359124801275,0,2,41943040,send_recv,1,1
802,5.888,5.978,5.927,5.915,0.037709415269929526,0,2,42074112,send_recv,1,1
803,5.913,5.98,5.952000000000001,5.963,0.028437065014988248,0,2,42205184,send_recv,1,1
804,5.938,5.993,5.966000000000001,5.9670000000000005,0.022464787260659248,0,2,42336256,send_recv,1,1
805,5.9430000000000005,6.017,5.984333333333335,5.993,0.030825674724524972,0,2,42467328,send_recv,1,1
806,5.946,6.0200000000000005,5.986666666666667,5.994,0.030652170486860666,0,2,42598400,send_recv,1,1
807,5.98,6.051,6.026666666666667,6.049,0.03300841643513894,0,2,42729472,send_recv,1,1
808,6.025,6.05,6.035333333333334,6.031,0.010656244908763698,0,2,42860544,send_recv,1,1
809,6.053,6.075,6.061,6.055,0.009933109617167717,0,2,42991616,send_recv,1,1
810,6.032,6.117,6.0776666666666666,6.0840000000000005,0.03498888712466036,0,2,43122688,send_recv,1,1
811,6.047,6.07,6.061,6.066,0.010033277962195135,0,2,43253760,send_recv,1,1
812,6.094,6.132000000000001,6.108666666666667,6.1000000000000005,0.016679994670929153,0,2,43384832,send_recv,1,1
813,6.087,6.1930000000000005,6.156,6.188,0.048833048918398334,0,2,43515904,send_recv,1,1
814,6.12,6.156,6.137666666666667,6.1370000000000005,0.014704496666741675,0,2,43646976,send_recv,1,1
815,6.114,6.187,6.152,6.155,0.029877527787062246,0,2,43778048,send_recv,1,1
816,6.143,6.206,6.175333333333334,6.1770000000000005,0.02574662868977028,0,2,43909120,send_recv,1,1
817,6.1850000000000005,6.2250000000000005,6.206666666666667,6.21,0.01649915822768609,0,2,44040192,send_recv,1,1
818,6.198,6.275,6.2379999999999995,6.2410000000000005,0.03150661306244557,0,2,44171264,send_recv,1,1
819,6.226,6.2490000000000006,6.233999999999999,6.227,0.010614455552060635,0,2,44302336,send_recv,1,1
820,6.2410000000000005,6.3340000000000005,6.283,6.274,0.03849675310984035,0,2,44433408,send_recv,1,1
821,6.268,6.307,6.283666666666666,6.276,0.01681930108205742,0,2,44564480,send_recv,1,1
822,6.263,6.325,6.3,6.312,0.02669581740023471,0,2,44695552,send_recv,1,1
823,6.309,6.341,6.32,6.3100000000000005,0.014854853303438066,0,2,44826624,send_recv,1,1
824,6.297,6.375,6.3260000000000005,6.306,0.03484250278036876,0,2,44957696,send_recv,1,1
825,6.3,6.3660000000000005,6.338,6.348,0.02785677655436849,0,2,45088768,send_recv,1,1
826,6.32,6.372,6.348,6.352,0.0214165045389452,0,2,45219840,send_recv,1,1
827,6.353,6.448,6.397000000000001,6.390000000000001,0.039098167049961365,0,2,45350912,send_recv,1,1
828,6.407,6.4270000000000005,6.419333333333333,6.424,0.008806563209082133,0,2,45481984,send_recv,1,1
829,6.432,6.453,6.445333333333334,6.4510000000000005,0.009463379711052261,0,2,45613056,send_recv,1,1
830,6.405,6.441,6.421333333333333,6.418,0.014884742374510563,0,2,45744128,send_recv,1,1
831,6.433,6.4750000000000005,6.456666666666667,6.462,0.017556258776351825,0,2,45875200,send_recv,1,1
832,6.4590000000000005,6.481,6.470666666666666,6.472,0.009030811456095793,0,2,46006272,send_recv,1,1
833,6.464,6.537,6.508,6.523000000000001,0.031633315770982,0,2,46137344,send_recv,1,1
834,6.497,6.563,6.5263333333333335,6.519,0.02743882083634214,0,2,46268416,send_recv,1,1
835,6.524,6.556,6.538,6.534,0.013366625103842315,0,2,46399488,send_recv,1,1
836,6.4910000000000005,6.567,6.538333333333334,6.557,0.03371778297707131,0,2,46530560,send_recv,1,1
837,6.542,6.606,6.57,6.562,0.026733250207684543,0,2,46661632,send_recv,1,1
838,6.551,6.622,6.593666666666667,6.6080000000000005,0.030706495874470722,0,2,46792704,send_recv,1,1
839,6.598,6.612,6.603999999999999,6.602,0.005887840577551953,0,2,46923776,send_recv,1,1
840,6.619,6.663,6.634,6.62,0.020510160083887032,0,2,47054848,send_recv,1,1
841,6.644,6.698,6.664333333333334,6.651,0.023976840677806113,0,2,47185920,send_recv,1,1
842,6.63,6.71,6.665666666666667,6.657,0.03322983933488429,0,2,47316992,send_recv,1,1
843,6.652,6.707,6.6706666666666665,6.6530000000000005,0.025694789787468808,0,2,47448064,send_recv,1,1
844,6.6770000000000005,6.715,6.698333333333333,6.703,0.015860503004493518,0,2,47579136,send_recv,1,1
845,6.688,6.745,6.72,6.727,0.02379075450674083,0,2,47710208,send_recv,1,1
846,6.718,6.755,6.741,6.75,0.01639105447085898,0,2,47841280,send_recv,1,1
847,6.7250000000000005,6.765000000000001,6.740000000000001,6.73,0.01779513042005222,0,2,47972352,send_recv,1,1
848,6.7620000000000005,6.808,6.786666666666666,6.79,0.018926759422104263,0,2,48103424,send_recv,1,1
849,6.771,6.809,6.786666666666666,6.78,0.016213848676020482,0,2,48234496,send_recv,1,1
850,6.756,6.836,6.804333333333333,6.821,0.03472111109333271,0,2,48365568,send_recv,1,1
851,6.788,6.838,6.8180000000000005,6.828,0.021602468994692817,0,2,48496640,send_recv,1,1
852,6.772,6.846,6.816333333333334,6.831,0.031940917679713285,0,2,48627712,send_recv,1,1
853,6.856,6.867,6.861666666666667,6.862,0.0044969125210774005,0,2,48758784,send_recv,1,1
854,6.861,6.871,6.866333333333333,6.867,0.004109609335312919,0,2,48889856,send_recv,1,1
855,6.8660000000000005,6.925,6.892666666666667,6.8870000000000005,0.024417662095749606,0,2,49020928,send_recv,1,1
856,6.894,6.955,6.9223333333333334,6.918,0.02509094568874506,0,2,49152000,send_recv,1,1
857,6.883,6.961,6.925000000000001,6.931,0.032124756808418135,0,2,49283072,send_recv,1,1
858,6.937,6.966,6.946666666666666,6.937,0.013670731102939879,0,2,49414144,send_recv,1,1
859,6.946,6.989,6.972,6.981,0.018672618098881294,0,2,49545216,send_recv,1,1
860,6.964,6.9990000000000006,6.976666666666667,6.9670000000000005,0.01583947249402234,0,2,49676288,send_recv,1,1
861,7.018,7.04,7.030333333333334,7.033,0.009177266598624277,0,2,49807360,send_recv,1,1
862,7.007000000000001,7.042,7.025666666666667,7.0280000000000005,0.014383632673593992,0,2,49938432,send_recv,1,1
863,7.031000000000001,7.111,7.071000000000001,7.071,0.032659863237108705,0,2,50069504,send_recv,1,1
864,7.0200000000000005,7.0680000000000005,7.044666666666667,7.046,0.01961858529274956,0,2,50200576,send_recv,1,1
865,7.0680000000000005,7.104,7.091,7.101,0.016309506430299874,0,2,50331648,send_recv,1,1
866,7.093,7.114,7.104666666666667,7.107,0.008730533902472517,0,2,50462720,send_recv,1,1
867,7.113,7.148000000000001,7.129666666666666,7.128,0.01433720877840445,0,2,50593792,send_recv,1,1
868,7.087,7.202,7.150666666666666,7.163,0.047751672454713394,0,2,50724864,send_recv,1,1
869,7.1370000000000005,7.196,7.162333333333334,7.154,0.024796953217862787,0,2,50855936,send_recv,1,1
870,7.154,7.163,7.1593333333333335,7.1610000000000005,0.003858612300930264,0,2,50987008,send_recv,1,1
871,7.119,7.211,7.171666666666667,7.1850000000000005,0.03872409528388721,0,2,51118080,send_recv,1,1
872,7.184,7.2250000000000005,7.200666666666667,7.1930000000000005,0.017594190960528985,0,2,51249152,send_recv,1,1
873,7.2090000000000005,7.2490000000000006,7.224000000000001,7.214,0.01779513042005222,0,2,51380224,send_recv,1,1
874,7.243,7.298,7.264,7.251,0.024262453846770327,0,2,51511296,send_recv,1,1
875,7.237,7.292,7.259,7.248,0.023762715894162005,0,2,51642368,send_recv,1,1
876,7.253,7.338,7.302666666666667,7.317,0.03615091823023156,0,2,51773440,send_recv,1,1
877,7.261,7.359,7.297333333333334,7.272,0.043835551274685115,0,2,51904512,send_recv,1,1
878,7.316,7.341,7.325666666666667,7.32,0.01096458946893244,0,2,52035584,send_recv,1,1
879,7.337,7.346,7.342666666666666,7.345,0.004027681991198286,0,2,52166656,send_recv,1,1
880,7.304,7.421,7.368666666666667,7.381,0.04855466564147626,0,2,52297728,send_recv,1,1
881,7.378,7.399,7.386666666666667,7.383,0.008956685895029574,0,2,52428800,send_recv,1,1
882,7.381,7.441,7.416333333333333,7.4270000000000005,0.02562984371565469,0,2,52559872,send_recv,1,1
883,7.396,7.415,7.407,7.41,0.00804155872120995,0,2,52690944,send_recv,1,1
884,7.426,7.453,7.4430000000000005,7.45,0.012083045973594615,0,2,52822016,send_recv,1,1
885,7.4,7.502,7.463666666666668,7.489,0.0453308822866803,0,2,52953088,send_recv,1,1
886,7.4430000000000005,7.481,7.464666666666666,7.47,0.01596524001977043,0,2,53084160,send_recv,1,1
887,7.446,7.546,7.511,7.541,0.04600724580614114,0,2,53215232,send_recv,1,1
888,7.429,7.574,7.490333333333333,7.468,0.061266267680964014,0,2,53346304,send_recv,1,1
889,7.495,7.519,7.511,7.519,0.011313708498984772,0,2,53477376,send_recv,1,1
890,7.502,7.585,7.555,7.578,0.03758545818087999,0,2,53608448,send_recv,1,1
891,7.543,7.597,7.567333333333334,7.562,0.022365648262955114,0,2,53739520,send_recv,1,1
892,7.583,7.6080000000000005,7.5953333333333335,7.595,0.010208928554075854,0,2,53870592,send_recv,1,1
893,7.526,7.612,7.579666666666667,7.601,0.038212854149124106,0,2,54001664,send_recv,1,1
894,7.603,7.636,7.616666666666666,7.611,0.014055445761538842,0,2,54132736,send_recv,1,1
895,7.607,7.66,7.635000000000001,7.638,0.021740898478827063,0,2,54263808,send_recv,1,1
896,7.578,7.681,7.6386666666666665,7.657,0.04400252518006452,0,2,54394880,send_recv,1,1
897,7.679,7.706,7.692333333333334,7.692,0.011025223605694209,0,2,54525952,send_recv,1,1
898,7.67,7.7330000000000005,7.703,7.706,0.02580697580112814,0,2,54657024,send_recv,1,1
899,7.667,7.714,7.689,7.686,0.01930457631409393,0,2,54788096,send_recv,1,1
900,7.695,7.763,7.736,7.75,0.02947315162426063,0,2,54919168,send_recv,1,1
901,7.736,7.768,7.756,7.764,0.014236104336041843,0,2,55050240,send_recv,1,1
902,7.7620000000000005,7.809,7.780000000000001,7.769,0.02070426687102597,0,2,55181312,send_recv,1,1
903,7.801,7.845,7.820666666666667,7.816,0.018263503375736814,0,2,55312384,send_recv,1,1
904,7.808,7.854,7.838,7.852,0.02122891110412105,0,2,55443456,send_recv,1,1
905,7.797000000000001,7.8950000000000005,7.842666666666666,7.836,0.04028509512076253,0,2,55574528,send_recv,1,1
906,7.824,7.855,7.843000000000001,7.8500000000000005,0.013589211407093295,0,2,55705600,send_recv,1,1
907,7.837,7.892,7.858333333333333,7.846,0.024087802353519778,0,2,55836672,send_recv,1,1
908,7.846,7.912,7.877,7.873,0.027092434368288055,0,2,55967744,send_recv,1,1
909,7.86,7.923,7.881666666666668,7.862,0.02923848301278444,0,2,56098816,send_recv,1,1
910,7.862,7.973,7.903666666666666,7.876,0.049358101890390874,0,2,56229888,send_recv,1,1
911,7.873,7.955,7.9093333333333335,7.9,0.03412070078738444,0,2,56360960,send_recv,1,1
912,7.907,7.9190000000000005,7.913,7.913,0.004898979485566542,0,2,56492032,send_recv,1,1
913,7.925,8.022,7.967,7.954,0.04065300316909789,0,2,56623104,send_recv,1,1
914,7.98,7.988,7.982666666666667,7.98,0.0037712361663282566,0,2,56754176,send_recv,1,1
915,7.9430000000000005,8.042,7.987666666666667,7.978,0.04099051380773608,0,2,56885248,send_recv,1,1
916,7.945,8.037,8.0,8.018,0.03965686153324143,0,2,57016320,send_recv,1,1
917,8.0,8.065,8.031333333333334,8.029,0.02658738213681215,0,2,57147392,send_recv,1,1
918,8.045,8.056000000000001,8.052000000000001,8.055,0.004966554808584008,0,2,57278464,send_recv,1,1
919,8.046,8.072000000000001,8.055666666666667,8.049,0.011614167593456947,0,2,57409536,send_recv,1,1
920,8.085,8.116,8.104333333333335,8.112,0.013767917618708445,0,2,57540608,send_recv,1,1
921,8.082,8.166,8.116333333333333,8.101,0.03596603335865024,0,2,57671680,send_recv,1,1
922,8.111,8.151,8.128666666666666,8.124,0.016659998666132693,0,2,57802752,send_recv,1,1
923,8.133000000000001,8.186,8.164333333333333,8.174,0.02269116323348951,0,2,57933824,send_recv,1,1
924,8.092,8.167,8.141,8.164,0.03466987164671907,0,2,58064896,send_recv,1,1
925,8.189,8.198,8.194,8.195,0.003741657386774083,0,2,58195968,send_recv,1,1
926,8.188,8.224,8.200333333333333,8.189,0.01673983937265289,0,2,58327040,send_recv,1,1
927,8.171,8.223,8.2,8.206,0.021648710508173193,0,2,58458112,send_recv,1,1
928,8.222,8.264,8.240333333333332,8.235,0.017556258776351516,0,2,58589184,send_recv,1,1
929,8.279,8.324,8.296000000000001,8.285,0.01994993734325993,0,2,58720256,send_recv,1,1
930,8.263,8.286,8.270666666666665,8.263,0.010842303978193583,0,2,58851328,send_recv,1,1
931,8.273,8.341,8.300333333333333,8.287,0.029318177903061016,0,2,58982400,send_recv,1,1
932,8.283,8.345,8.323333333333332,8.342,0.028546258754676045,0,2,59113472,send_recv,1,1
933,8.285,8.370000000000001,8.327333333333334,8.327,0.03470190516704013,0,2,59244544,send_recv,1,1
934,8.338000000000001,8.379,8.360666666666667,8.365,0.017016332024133055,0,2,59375616,send_recv,1,1
935,8.303,8.393,8.344666666666667,8.338000000000001,0.037043517951488046,0,2,59506688,send_recv,1,1
936,8.349,8.385,8.368,8.370000000000001,0.014764823060233278,0,2,59637760,send_recv,1,1
937,8.401,8.425,8.409333333333334,8.402000000000001,0.01108552609887742,0,2,59768832,send_recv,1,1
938,8.402000000000001,8.465,8.427666666666667,8.416,0.027010286106510083,0,2,59899904,send_recv,1,1
939,8.411,8.471,8.443666666666665,8.449,0.024783507060588343,0,2,60030976,send_recv,1,1
940,8.444,8.489,8.460333333333333,8.448,0.020336065390226248,0,2,60162048,send_recv,1,1
941,8.448,8.514,8.476999999999999,8.469,0.027531799795872034,0,2,60293120,send_recv,1,1
942,8.478,8.506,8.492666666666667,8.494,0.011469767022723685,0,2,60424192,send_recv,1,1
943,8.474,8.571,8.521666666666667,8.52,0.03961761673240253,0,2,60555264,send_recv,1,1
944,8.53,8.564,8.543999999999999,8.538,0.014514360704718357,0,2,60686336,send_recv,1,1
945,8.544,8.587,8.565666666666667,8.566,0.017556258776351294,0,2,60817408,send_recv,1,1
946,8.563,8.581,8.571,8.569,0.007483314773547375,0,2,60948480,send_recv,1,1
947,8.574,8.620000000000001,8.603333333333333,8.616,0.020805982045769916,0,2,61079552,send_recv,1,1
948,8.622,8.662,8.638,8.63,0.017281975195754584,0,2,61210624,send_recv,1,1
949,8.594,8.651,8.622,8.621,0.023280893453645778,0,2,61341696,send_recv,1,1
950,8.61,8.68,8.651,8.663,0.02981051268708203,0,2,61472768,send_recv,1,1
951,8.654,8.705,8.683666666666667,8.692,0.021638443156156727,0,2,61603840,send_recv,1,1
952,8.652000000000001,8.698,8.676666666666668,8.68,0.01892675942210421,0,2,61734912,send_recv,1,1
953,8.697000000000001,8.726,8.712666666666669,8.715,0.011953614051360634,0,2,61865984,send_recv,1,1
954,8.683,8.74,8.714333333333334,8.72,0.02361261433123332,0,2,61997056,send_recv,1,1
955,8.745000000000001,8.784,8.764000000000001,8.763,0.015937377450509126,0,2,62128128,send_recv,1,1
956,8.727,8.783,8.753,8.749,0.023036203390894284,0,2,62259200,send_recv,1,1
957,8.735,8.775,8.758666666666665,8.766,0.017133463034528906,0,2,62390272,send_recv,1,1
958,8.775,8.821,8.803666666666667,8.815,0.020417857108151072,0,2,62521344,send_recv,1,1
959,8.836,8.858,8.845999999999998,8.844,0.009092121131324075,0,2,62652416,send_recv,1,1
960,8.758000000000001,8.846,8.805,8.811,0.03617549815367635,0,2,62783488,send_recv,1,1
961,8.858,8.866,8.861666666666666,8.861,0.0032998316455368285,0,2,62914560,send_recv,1,1
962,8.82,8.882,8.854333333333335,8.861,0.025746628689769836,0,2,63045632,send_recv,1,1
963,8.874,8.898,8.885,8.883000000000001,0.009899494936611263,0,2,63176704,send_recv,1,1
964,8.879,8.917,8.892000000000001,8.88,0.017682382946499636,0,2,63307776,send_recv,1,1
965,8.905,8.948,8.922,8.913,0.01867261809888156,0,2,63438848,send_recv,1,1
966,8.923,8.98,8.949666666666667,8.946,0.02341414577178144,0,2,63569920,send_recv,1,1
967,8.938,8.994,8.973,8.987,0.02491318258807273,0,2,63700992,send_recv,1,1
968,8.968,8.996,8.986666666666666,8.996,0.013199326582149108,0,2,63832064,send_recv,1,1
969,8.945,9.05,8.999,9.002,0.04291852746775005,0,2,63963136,send_recv,1,1
970,8.945,9.024000000000001,8.990666666666668,9.003,0.03340991203553573,0,2,64094208,send_recv,1,1
971,9.021,9.087,9.044333333333334,9.025,0.03021405118299869,0,2,64225280,send_recv,1,1
972,9.019,9.087,9.043000000000001,9.023,0.031155523854794375,0,2,64356352,send_recv,1,1
973,9.062,9.088000000000001,9.075000000000001,9.075000000000001,0.010614455552061083,0,2,64487424,send_recv,1,1
974,9.039,9.094,9.067666666666668,9.07,0.022514193054357617,0,2,64618496,send_recv,1,1
975,9.05,9.114,9.090666666666667,9.108,0.028859814429217798,0,2,64749568,send_recv,1,1
976,9.106,9.120000000000001,9.115,9.119,0.006377042156569936,0,2,64880640,send_recv,1,1
977,9.112,9.209,9.156999999999998,9.15,0.039908228057214584,0,2,65011712,send_recv,1,1
978,9.141,9.192,9.167,9.168000000000001,0.020832666655999737,0,2,65142784,send_recv,1,1
979,9.181000000000001,9.192,9.187333333333333,9.189,0.004642796092394343,0,2,65273856,send_recv,1,1
980,9.202,9.247,9.228333333333333,9.236,0.019154343864744926,0,2,65404928,send_recv,1,1
981,9.199,9.226,9.216333333333333,9.224,0.012283683848459195,0,2,65536000,send_recv,1,1
982,9.216000000000001,9.272,9.243666666666668,9.243,0.022866763848189656,0,2,65667072,send_recv,1,1
983,9.212,9.272,9.252,9.272,0.028284271247462134,0,2,65798144,send_recv,1,1
984,9.277000000000001,9.281,9.278333333333334,9.277000000000001,0.001885618083163919,0,2,65929216,send_recv,1,1
985,9.238,9.279,9.258000000000001,9.257,0.016753109164172237,0,2,66060288,send_recv,1,1
986,9.312,9.341000000000001,9.322333333333333,9.314,0.013224556283252238,0,2,66191360,send_recv,1,1
987,9.274000000000001,9.3,9.288000000000002,9.290000000000001,0.0107082522694726,0,2,66322432,send_recv,1,1
988,9.333,9.361,9.345,9.341000000000001,0.011775681155103907,0,2,66453504,send_recv,1,1
989,9.351,9.394,9.376,9.383000000000001,0.018239152027072363,0,2,66584576,send_recv,1,1
990,9.377,9.378,9.377333333333334,9.377,0.0004714045207907704,0,2,66715648,send_recv,1,1
991,9.42,9.438,9.428666666666667,9.428,0.007363574011458434,0,2,66846720,send_recv,1,1
992,9.419,9.449,9.433000000000002,9.431000000000001,0.012328828005937651,0,2,66977792,send_recv,1,1
993,9.434000000000001,9.484,9.453000000000001,9.441,0.022105806175451898,0,2,67108864,send_recv,1,1
